0x00b425aae7eb5330,0x9abf3e69e5bcd7ed6fa680100ddd49b7
0x00d3d1af353e0c80,0xbb6b0095ac7b7ab2a8b56f85346d2b7e
0x01f71027555c7e90,0x86b2c2d835f03ec5442041ca0030f3fb
0x02456240a667e110,0xb3cb362259c21586320cd72124d6635e
0x024d65deaf44eae0,0x0d326347dcbcd86ea2e86f7add6af484
0x02cb637d7143f8f0,0xc04db309ee41eb04f811b567201a55d6
0x0361194e41a44900,0x234131e25dce8477c9e1893ec3fb3743
0x045abe0c9f93b320,0x79fffcdaee653a5ba8411ab0ba8c70b4
0x0466c0c7d5a4c1e0,0x3271dcf60071ec94327bf1b37039d22d
0x0490642fdb5bf010,0x846736ce24dbac94486cf4d67c23bbfc
0x05b827dcf75f5cd0,0x64426c12d8ea05db4c9ae79cb55dc17a
0x07856a204eed0d90,0xeef72d97eb98f113f546e1d038de7573
0x0876daaa01ce5fc0,0xb325442c8eeb3fd86783b0c3dcae667e
0x08bee994081434b0,0x392047e838c8e97cb60a638470d1c6d3
0x0a013a86fbfa7540,0xd4ff9d2a91db735edc21b3e8502e4f40
0x0a06c083e848ca50,0x53bab3ba9ce81fa7a7a27fbdc50fc900
0x0a30a255290819c0,0xd7bda79106de025e03e982fa4696db0e
0x0a37927604e7d970,0x73dea062bffa08832d807fd49cc214fa
0x0a73a9a9df499c10,0x59eea30ba812c4d0eae128042c14c68f
0x0a9d499ca2698c20,0x08ef444a6e63ffa48d2ad9744a863655
0x0abc847ec2537630,0x68afe2b81f626a97ebe7ef9190920b69
0x0ad750469ea42460,0x251a45b200714bb79b8ad161327d01d0
0x0b08da959fee5990,0xde2d64b9980dda10dffd6f1927e4bbe6
0x0b9714b05ca50420,0x121836b88c5574cc785f60a737668856
0x0c7233c7febd7770,0x093c656eb5fab19e4c3838a24b44b4f9
0x0d6a3b56eaa78470,0x18401176e0091eab320871c3004b5ecc
0x0d73f5596ee62710,0x1b40af69c3834e7ad0a8fd4340ae21fd
0x0e52cbc1987de8f0,0x561f7e5ee771ebab8fdf98182142373c
0x0ec003b677760e50,0x6c5f61361b4c3736c314f367f98408a6
0x0ec168c9a0590a40,0x95efbec5ef2d2a65ede4f2bc001b10c4
0x0f32e3157a2b15d0,0x45edf42f3c5a74fdfe3b6267c382ecf9
0x0fa07a3f2e295060,0x98b33c6e0a14b90a7795e98680ee526e
0x102bcf1640b0dc20,0xe8968a9f2884eee7eec6c987b378e45d
0x1047111af5dcd520,0x3f6b772a3127f05b0a964cb9a62a24d0
0x109d5c8d4562daf0,0xc7a3177c322931d3a38685f66db7d4f3
0x10b8c060b580d3a0,0x1da5a563a939e190c6f1c3ad9b86d80d
0x10c565d554059be0,0x4c041d5a7e41b9af9ba788497b51a1fa
0x1199333c09277170,0x8eeedc3c2304fc2b8c363beb3038fd2f
0x11d56acf680fe5e0,0x366e3cca8c479390d41cc2bce3352f8b
0x12b269e03e6c8950,0xfe7a695b4afc3e3aa6c19f8dd741222f
0x13b597c4b32c7f30,0xa640d0f5f9eb611d327706c76ac04ece
0x140d016e69664370,0x3ffdd31f91c73e1dad358ffc13addef2
0x145e362cb9019c50,0x6aa066f7a607dc9d55bdbbf6fee99b49
0x14aa57aadfad1240,0x8b8afb484b5f467ccbaecc6d5839fa50
0x159cebfcdef0c730,0xdcde33b764954fe3b1dbbb3262740d4e
0x166da609aa80ddf0,0x30a407e9923e267ef117f2741840bff8
0x16d91fc5be850390,0xa9c633e27c11379776bfaa9b641d2571
0x1756e0d4b1875940,0x43237e0874d43d6d628f2a7a27503d1e
0x179d221d8e5f37f0,0xd0813d923aca43f27b777bf243f98cbd
0x17bab888792372e0,0x4130e95e38af9fe5dd34d576507a69f6
0x17ee2fe6681091f0,0x53a9ec5db9b5c70e3346f7c6437249fd
0x1846d424c17c6270,0xfcbd04c340212ef7cca5a5a19e4d6e3c
0x18a775945b8c4940,0x0576598359cd012a06b42b6f1f94e3c8
0x194a5bfdcf3f0e60,0x1276bb2e185f965898ed21757ebada36
0x19724ce31bd09440,0x79585e697b2e1b82e89dc8158f928dc5
0x1a4a17e177183b10,0x667664cebcea20e0c497449db20fe04d
0x1a6c3c2598e16bc0,0xcb3d7ee7fa9f941a41a064bedb0dff11
0x1abc918ec785b140,0x13641b28b99479d365ef945c10f143e2
0x1d8a5b3a3512cca0,0xccf2ea43558c5ac43c000d99566221a7
0x1e1aec5ea49ef480,0xe9ac2e08ebcf5a62988a40e87910e6db
0x1e7c6252291b91a0,0x83673f0a55dcee03dcb5fe026bc092e0
0x1f3fd2cd335a1b70,0xa18b020ed04ed07f5d29a600bde2ae27
0x1fdb8b3206d599e0,0xd480865f9b38fe803042e325a28f5ab0
0x202aae6410afa960,0x6f283a3270a22d8ec3c02b36ea727bf4
0x20d4cc6950c736d0,0xda2ede5b9688778b395df4285172ef91
0x20de5de4b5b46890,0xf13a2ff393658891e4600a02c5acc612
0x213c121ccfdef300,0xf9cb2ee827be03816544c97de0789f97
0x21a43722625300a0,0x4ceb46d39fe62e363162ef95096b03e6
0x22057b918d3d8860,0xe45e95b969f82b8b7dd5d97e086d996c
0x22a855589028ad80,0x4d6e758b14b92ea4421f4828902a94ca
0x233e383454e27ea0,0x196d362dfec24805feeac13d581332c2
0x234e85fe3cee7eb0,0x0ddf384691fdbb38b6e2d1e40a22b2ce
0x23a6152695e3f320,0x8f8ac4cdbe169d6bf290d831052d143c
0x23b1fa5b983203d0,0xfc01694a1eaca5d5964cc436f18e44f8
0x23c619456cdb4ae0,0xc0383551ef0646644ab83e188171dbf2
0x241fec26485e5200,0x910f0feda2776fdff94cd0da156d3de3
0x253b6e44191650e0,0xca32c0814aa970f0a3f01dcdeb88fa94
0x255ccf51f3e77c60,0x3dcb71aebd845e770ce19926aaad4b0d
0x25b09e481ca1efa0,0x46c919994187bdc0aa20ccea22e87c8d
0x25c1df67987d6160,0x82f1240d4e5c6dd2ddda17a36779de0d
0x261908b9ccf719a0,0xf7f60e7f75f2bc20a7f5195cde62d43f
0x2645f7dd216c9bc0,0xc0f7cb467d9c104f3886c62eccf9ebd4
0x265a919055b1f1c0,0x9b3e660550835669836cd6021a54acb2
0x266cb656c9295010,0x45f64f338cea5c8bc48d0ecceb412b13
0x26d89a8c5324e280,0xea9f3eb8dd1d62d3162227978f9875b3
0x26e0e537e1de3de0,0x38820ff2656930b895b3069069a0b733
0x27d20e849b581530,0x01c5592b71d6ec10cceeba877d3c1062
0x28b74f3dec3826b0,0xe5098f9ad3c61e058d37aebb8fc7f7e3
0x2913689eda09fb60,0xe8f6fee3b686db4abfdc70726e23d73a
0x2bc246f3bd247b20,0x23500fcaad785312739c3ae2fda93f18
0x2c4533ea33cb1b20,0x8f0d3721d764106199d081bee76fb887
0x2cc0f859aa6524a0,0x68ef8f5fae68690a78bc71750361524c
0x2d3f11dc3f8d6920,0xf3020be7f86445d74c6bf5b8a86e890b
0x2e001a756efa9a10,0x09d230412c05fec343305aa1725b40ca
0x2e6984c647200540,0xe46cf2ada450d1d0d35e1fbb015404b7
0x2f9f5bf9d6b6b5d0,0x4b511edb7b768615f6b1465dbf2b6442
0x2fcd81b5d24bace0,0xa81ad477fb3675b89cdeb3e60870e15c
0x2fcf3b87defa7860,0xa358cb1dbe3feafd0e96ed9b5d158e44
0x3072b1215996c8b0,0x07fe7ec8118dcca62f529eb616292b04
0x30cee3671a392010,0x825979829bd14023ba164bd79b6e9d9f
0x313de798bb5cac40,0x5344900593572d5163abc63914836831
0x31b171b6225f39f0,0xe152aaa9cc01bc9b259aabbe6f187807
0x31fdcc43fd3b1020,0x3c8a8eb9c1a1d053b71b5518810c715d
0x3239d04bcbab5b50,0x9626d8c4344af454f0a61c5e707421d4
0x32476a228ea70cf0,0x0148a3cfaaf35967ac5271669224e274
0x3295ba69f9873b50,0xae9e8d0384983111371a239070c742d0
0x33061611ef96a210,0xa8f614bd7b2aa677c6b7e7cbbe0d24ed
0x3376f9842bf28b90,0xb9a94a03ff8dc9f2e3a104646c9a9649
0x34f956f1f780e7d0,0x75b10f2f95099cd0285f9f8a33213ea4
0x34fef75045709960,0x4972e2d0dcdef04303f9c3a35fb1a0dd
0x37fef6b501fda690,0xfa92cd28c4c536fb1d4d11804c6e6fbb
0x387138d463416860,0x9675562f1157c073b3e1990893f0e4b4
0x38d34dd6c90f3f10,0x20f4eaaf631c3308c3007cb168f76fd6
0x38f71af946801560,0x87f663905f230e6d8f356b90ad386c4b
0x394fadcd5d1ee1f0,0xcb7033b70b571ca694ed072c9e781e1a
0x396836c77c79ed70,0x8a5082e214079f9eba95b4f6925f47cb
0x39fa33cd035e4eb0,0xacc08d9899dfd2f5b4fbf35024bf2792
0x3bc3373bd196e430,0x1b152869b326ca45892af03ba5adf53b
0x3de674fef66b72a0,0xed825ea8dda9a02a964fbdde895585be
0x3f4fdb9b15ed9d80,0x3331cc055ca5b513acf6e8e95d8ae987
0x3f796219860d23d0,0x113ed69c5a8ce27b2f70b365286c6c4a
0x3f93c895fc14b7e0,0xe4ab797ca13db313a6838380ef5d1e2b
0x3fccb2c133d4a090,0x4d03cbddcc869dea38a7ac5426b1caba
0x3fdd041164e51ee0,0x4fe97f7b3b14236a4bdd595c0099319c
0x4034dca41eb62170,0x40a0864341cb57da50abc4519af1b456
0x40846a6698d230c0,0xd171a79811a0375a2d0b4f43e48b7911
0x417358fdcfc30c90,0xd3e4df8f9f747716ffa857c8b5f284e0
0x419ed40a6b9cfa60,0x8ca5773131243f80cfedf6319bcaa8e0
0x4201545f771a0a10,0x2af57422b1bc4d5ed4580679e77be176
0x42485e3a0a5d2f30,0x67a9c3787c65c1e582e2e662f728b4fa
0x425fea712cbdb870,0xc78ad66d4a9bfc00192edd37379c05da
0x43ce0b81fee2f560,0x48e003be5bf2b6a11b95cd28b2764173
0x45c190a8a52ba0c0,0x908e0372bcbe9a42f89d3fda1e454241
0x4653a5600597aab0,0xcad6e514ccc14d5173f660d8e9f41cc0
0x46a1d79c6b5f8370,0x03dc25c9b2087dcac78971a21050c962
0x46ab92d9f2569b50,0x5c9e04dd3d2e80fa0268416a0c18f41d
0x46b0163043215bf0,0x5b0eec4ba2a1fa451c52d51ec8fe0b2d
0x47951f79d3f54810,0x1f206b2e2e40d5cc1bb9967b19c87c07
0x4826a222471d3e40,0x22a0894b3df66b5e064c0fef206eb611
0x48719831d0fce120,0x06bba00e615acc4ad79d92bc2bd11b15
0x48757d875304ca70,0x88edd6d3d9a0690f696195fa159a1f56
0x49430a013ce40460,0xddbbcafc157d620e105699e2c7fbc910
0x4a789a0e855f27d0,0x91627297fdf3aecebd9a324e932b99a5
0x4b1dd9fda02ebb70,0x6756264dc8649f787eaf167952b04994
0x4b4f82484e497200,0x026d44c2b1e75fe1b94c957792eb4614
0x4b547ed3c9121340,0x2e842f51b36e40a0897ea88d889616ef
0x4bc61ffdc61053e0,0x9f2a5843af3357209f7b8a2e04aa72d1
0x4bf637b494307150,0x71899b9470b600c406b1b0ea29db292a
0x4d1e460c9ab97ca0,0x6284e14fadb7205977aa0409e7d6a5cc
0x4d3903626ef4d6b0,0x86d77094a6894303e807092d74ca0c56
0x4d543a0eb3e5b7e0,0x84185d2d1ef4dec63a220bdef08275f0
0x4dbd90c8f6903040,0x7ab08ef089da2bbb57561bef07c05f03
0x4e49df560b648ac0,0x025b7c5f1284b9d78d4e2753ef26a5b7
0x4f322470a2334970,0x60ab75bf34b2a7daed6fe79b8c56ab92
0x4f651f216fa2be10,0xeb9fc88eb8775b599f3da6ae5295dcaf
0x4f7070e66b589960,0xa0536c6cea8713d2a20847d854ed1b3b
0x4fab2ad88091a210,0x849648e85084a40f3b8f5fc77c96eefa
0x505e9c9b8bc88bc0,0x425832c0142a6c95d9082a42b4480761
0x509dbfdf944e13d0,0x08f2bc96d0a776b05c3e5d9b0640151e
0x50c6fa8c27a00080,0x7c2b940d9045a445958cd60ea07f7f47
0x5198ba274329e490,0xaf79437273972e0a0d10f74b56faae4d
0x522afb96bf5b52b0,0x80d8241f4e4b41a12e21e8f7defe6dfc
0x528eaf4b062fce10,0x971211a9aecb26826fe47e6901225ce9
0x5306f3f515166570,0x964a870c7c879b741d878f9f9cdf5a86
0x53aff0abf4b41cb0,0xcf676e0c82eb1c23b6bd43a7c5a0b4f2
0x542c5cebdc3d7670,0x1704e146312c0940a49778e2194c955f
0x55e0637c7d490ad0,0x6c968ec3136260403458596e3872e121
0x5718ada2027c0130,0xe6256403bf3df0bbf66ac168b4a1ca79
0x5755f4a05962ceb0,0xdcd810f038c25b808054c15caeede40b
0x5759b929ab9873c0,0xe2238f5548e422fdf89ed0ff2c8cb3fc
0x579162f7d96be2f0,0x9d2e5daa378827cebcab7a91183947ef
0x58721ad4d15455a0,0xb77fd039924ab4e2ebdc732a303b5a50
0x589c25911608f0d0,0x618701e8699a723fa4b2f62c610097fb
0x59404fbf673d6190,0x59d554ec90e0fdac78de437c0164e439
0x595aef240ffefec0,0xc3d0db4bac9c74e2cdeb0960a7548bad
0x5a24e7864af372b0,0x25edfea9269dc3b6c74093ac314f7e99
0x5a4a65b6f3f2bca0,0xa819b751743809262bec2a5248d79878
0x5a57cde5f13fc400,0x020aca12055dfed45fa7cb00816241bd
0x5c0336c12a173c60,0x7a382a53b4273b04834074d0f06da6da
0x5cc931187fb5a230,0x6acc59ee9875f4f2bfd8130578cedc41
0x5cdaabc51dbcc130,0x90fc2f5b3847cd1e8731f19ccdb3c99f
0x5e4baa2aaeee1050,0x915ad4d14700a3cd6d3914c01b20bbf6
0x5e55ed3fec652ba0,0x32d2f2288b66d9c387d7563bb809c164
0x5eca6f11147cef10,0x85bdca63a100ba8f51827e3fb99e1a81
0x5fbb63036c10e430,0xe36b26fad9d2a06021fa3d493d302185
0x606db8e5ccc8a460,0x317f1e9b2ee6c16d351e7fc8d6ab5c68
0x61067a8cd7a32830,0xb4d4dfccb7d779cc4b5ca436953c178e
0x61a913ed947a59f0,0xe13ae7166084b2b0b5fc791faa3091ca
0x6222cf78f66221f0,0x9ed0c113f52a29448d739eeff1810962
0x6237e31e64b57de0,0x384a28d2bbe7dec42cdd930399063e5b
0x63c1c709d701bad0,0xf3bbf976ee663bc7486ebd7681652265
0x64348207341514c0,0x8909c1ba18fa547216752b38fd642ae2
0x649ddd510339d230,0x36f4851f431d779adec340991ca7b806
0x6518020a99cb37c0,0x43189f26e9b74954a41a5d31dd5eb2d1
0x65a0596c8cdcc2c0,0x1fa628625ae33a0e6b250adbf2bb3e42
0x65fd5f6993a25c90,0xb5f50316a45335cc137fcd2b76a933cf
0x65fdb2b9769ea620,0x5d87f7dc4127ce5b0387a5417ed55be6
0x6720fb7b58f21de0,0x084993fb3fb1908e65e2f858789dba64
0x6735a17352ec0380,0xb7b9387b677bd216406ec3989a4a2a9c
0x6776eb3783f07d70,0x44a4514b7f562e989bd23ec521f94354
0x682d4e3c70cef130,0xd66ee0a416a5b60769fbdedcaa848d8c
0x683ed209e7e5bbb0,0x19c502db1bad72f550dae03db25b8444
0x68a08ddbe338b9c0,0x210d8698368f215b56d8e9f38a73d028
0x6937d083d6140150,0xb808097d7c4b7ab1be19836cca7623ab
0x69cdd91a57ee3e40,0xb1e89782e23d2e902f9ffc1ca0435943
0x6a1dbb17b140db00,0xbcebe80c9489dd719c25c07ab823feb1
0x6a33596c56847970,0xb973e941404a2d8689fdfb993787ba1c
0x6a4770235f1cf4b0,0x1a34e471f0382e079d55932c7f41f949
0x6acf49eb02284fd0,0x52177eb7e6b920daba6a098ff642c8f3
0x6af944e07b387850,0xdd02e100e3d484087de8a2342412579d
0x6b3190f4e55ef740,0x0a2581e9b83fb64a6463137f35b592e5
0x6bd2623a140895d0,0xdd159d1d830d98eec1c30b57dd56dae3
0x6c148fc69750ca70,0x15a5712c5ac4b6c7a31034dd4c4b91fe
0x6c77700a55d62f90,0x0a09ac26fc1771ce4c6aee622490a429
0x6d4fda9921f63830,0x0fc273258139bf93e5fbc7cb4c730ef5
0x6d62a1917dde33a0,0x047e7966d91abc799d3a2bb654d244bf
0x6d63565fe1c70870,0x101c0d4cb33f3fa45cf7f2d5067c6e85
0x6db6cc9a6735f350,0xdb3d977bd3d69412bd60bb3ebd45242f
0x6db8b1786e3624a0,0x7aefa28728dff27a30c6a6477a5d92dc
0x6e935faf9502e1d0,0x0654f465b311d9c41d86fd12c8359b91
0x6f25e2a25a921180,0xe9bb17bca3f2c9bf9c6316b950f24455
0x6f790959a3e04b30,0x2da44da189b5b368df14c6125f58d5b5
0x7582e3ae1b812e50,0x5ab8a31b7a60689a05dde624c6d8de01
0x75fc1b10b8d13530,0x33251c76d8efb5c9e7a2d2d0ca3c4050
0x763cd27437195090,0xf67d231133a879fd90916a5f97ad1730
0x763f7abdb6026e80,0xc8466f9c4563a8eb667efc9585d40ed2
0x76feaca0cb2d5090,0x464a9b5d3eaa2f0ad91219b5ddf65a9e
0x773a13fb37503d70,0x20e30a4dfbcefcd05050f32cd4062cce
0x777361315b434e00,0x5aedb7243d49659f77106d15cdff3c31
0x785ecebcc0038e50,0x5dde2c6aaeb5964415d51b4992a97177
0x78a55d6bf2ded000,0x68fc642af6f259264e60678b82f4b48a
0x78e1c5e6648b1a30,0x44fe27c90517f6188e95ef6ab6757f65
0x7905d1e3f55953f0,0x369f36d9bfa2bd08f19edf125bac72c9
0x79347cd6eca94510,0x9727212f92938a3ff3c09c1aa943ccd2
0x798246e666f4ccd0,0xe4f78188ab8b1683251b95d40f633fda
0x7a0a02ba37cf8020,0x517830328066b49bb1d792a07d25cefb
0x7a440b3413e34b30,0x6d2db46a5bb955f9315745ccccfcd746
0x7b3402f41f13fea0,0xf7f6b5996f1c1ff43f848dfcefd622d7
0x7b4ab21ba8783cc0,0x699bc8420c0a80c3dd7087fa939b9164
0x7c1197462fe6c4a0,0x7b3cb1db792613ac217546adb386ea06
0x7c39c32a72916b30,0x6ca812e0446fae5b7acbf932e154d19d
0x7d58bb0206e80040,0x8606ebc492dbfdc913f60dff788afa15
0x7db4aa2cf9a31bd0,0xbde63c4fdf333f14b69da0dac0f4c7a4
0x7e49eb8dc3629df0,0x8718685c4d668807a68fabb34cb6cfc3
0x7e8fed3dfde60dd0,0xbcd8d4e4b8d056c18506b30c2513be03
0x7fc071bd346d4390,0x325ac15c33912a649ff3c8b23064f0fc
0x80869f58e9596420,0x47006868578e651a0a99908598f1d552
0x816a03fba7a120a0,0x63bf8948ba7bb4f25b1e40caecbac14d
0x816a5ea8618a4760,0x8880f9fd6282c33d3665b6a5634da412
0x81e210eca57cf820,0xe7fcfdcd398e0b7aa6ee8026f9e65cca
0x82562466b86dbb50,0x6084c9fcfcbd8ac84247e78b3b6ef9a8
0x8522dc4ef1dd50b0,0xe0397e67926146de91bacf80aaa07996
0x854df9b62b66b1c0,0xced4dd7cb4ca01423b239fd80d20f686
0x8557716aa7502a80,0x58d87776a51ad4f3a699bae0d138d150
0x85b535edf5d6f870,0xc98b16e9b6f891e76b2d3e7147d0964d
0x85fcb47763ba97a0,0xfeaf19d064bcedcba47bc229a657227e
0x863d18c9d60bd6f0,0xf061ae72228ac24d99ac7f9f2f7cf76a
0x86d2660533d69c60,0x6ce2ecf9dd295d4db0b033504adf1f86
0x877e5ea1c33993f0,0xfa7bff5f62d59938571c9d788429aeae
0x87b92b789469d520,0x79d7e05aafde15eca7b4913b56243f64
0x8888d15e7eb7a8f0,0x2f8186dc75af223a0f0ac1342e0d14ad
0x88a6966ccb6053b0,0x9450826ff23d934c29a20bc4ef59b502
0x88eefc0581b02ae0,0x98d61ed43f78ee36b5f5cf3e3ae75934
0x8923cba178741660,0x50c6735014b3f2641598734a86c52c1b
0x8a36d03011d0fd50,0x1f2ae264c8bb01febfb6230d6057b5b7
0x8c39ceab26adef30,0x04cb5e626391a567684e8ede2fca7a04
0x8c6e90373020da50,0xfa83ada4a2121ac5f689a4a5ffda0336
0x8c83384811fba560,0xf3254f2d47595b016c835975efa2ce12
0x8d5d97908a2a1b80,0x146672ad4b9e091349e19b4d61c668ce
0x8d82d8aee5286510,0x237d19a434fdb434d2cccc3736fb2262
0x8d87b7e8ac91b720,0xcc2946f525bc36a32df19dfb5a5915c2
0x8da28b08d71080d0,0xb4a465c3f4dc5b1949523e7016bb04c1
0x8e4924b8e6802d80,0x46009b526bb639cd1b2d8cd061c96b44
0x8fa16d27d7fc0050,0xee5be9b92aab7c8854b9fb20aedb5e9e
0x901d169d25ab3470,0x5dbfc02b5bee11e1a5660feb35b996bd
0x905c053b25fdacb0,0x6c596216ae0fdbc8a36bcb0167e98363
0x90bccb66e0631450,0xc5507d2b909e7f7862f252912353d455
0x92d6ff735b3a4590,0xa1645f58bb78eb2d0ee5144d8a1d8b42
0x933cc2c7a78a25d0,0x6f6510194f9d9bbbe405823414ab0236
0x93a27c9d050ac8e0,0xaa6fd1856fe84fa960ed434d732df7ec
0x940795d06bbb9610,0x211149a5faaad22c8c372aad84eefe22
0x9411723a50b417e0,0x916092616e107e22fa7199d653e82886
0x9459014219e14e10,0xaf67a6c3a97832a6eec3259121812e11
0x953f2ad962e5d7a0,0x98ad235474c78b15aa8c4f547ad4f768
0x958ef526841a8760,0x552a19c692716ec5d77bc9c930a0292e
0x961516b5896431b0,0x516bb4edbaaafc6c71daae439ac352cc
0x9701c3d37f796c60,0xe0def1a0742aca38842aab1ff7e9735b
0x9709703ceb5784a0,0x6e48ba728bd97d52e8bb304c5ccd955c
0x97342123e3ed9630,0x05cc70a1a49266c9d693bf1177211931
0x97d01e702f1d9be0,0x88819f421a42b62914afe646fe3216bd
0x98849640b6a49910,0x42ba9db9a0279980864d89e78fa370da
0x98d0cbb77844e640,0xf0c5380244744ac61df7327635ba9da1
0x99605cd1cab24a00,0xe4ed458b010ac3f8387787e2bc8a8038
0x9a1ab3579d6c84a0,0xce4f1ca0571aa4f640a210150a40a379
0x9a1c1c2646bc0d80,0x0907a963cf627de69131507d92f42460
0x9aa909f15adffd00,0x417df4f8c1a7de009ec12fa2e6df12ce
0x9aca0c4ad24e3100,0x3309a536e998952cef58951f9b1ae019
0x9ace0187f94dcfe0,0x0ac1f14676c8c182d73be5adae9337e4
0x9ad73702140a6420,0xc095e0997e240205bb00d206f8542953
0x9bcfb1c4f87e3560,0x3891aef5ebe0572c8ec9ea986581f934
0x9c1fdb593f332960,0x1d915117fe4e460f875dd2e3e3b9c7bd
0x9d0c736345bae810,0xac8fdf70ea6bed22884871bcbc09e752
0x9e051c9456cc6520,0x69259d812a2e0ea75834aeaf0f332bab
0x9e1a608c8cb10920,0x78b39e32ece5c7b0ad5fd5a2e02be650
0xa0b976c27db931c0,0x0b82b61c3dd0c8660649def50fb2de1e
0xa0f6eda73de609e0,0xf68679b9a82b6297a5696097b24eb3ff
0xa1550300e07d5b10,0xd592d2ca1926da1ba161960086983739
0xa1cf0d1d47b3df40,0x4523dbbb1eeed2190588d91dfbe86a8e
0xa1fa46f346685cd0,0x2911cf3036bc626861af473df106892b
0xa41865bf350d2780,0xcc249558f2ad985fff3e0ba10ac728b4
0xa4f0d9c298856c70,0x1c769e1f83719849fb5214d99a66d48d
0xa556df187145c460,0x7b50c356b081690ac73cab38250d0c9c
0xa5bad88595bf7b50,0x3934e03c38dff07f714a51398e924aa1
0xa5bbcebfd242f920,0xa229d3dfc0faf70f6fe2b89d297a2fa0
0xa77440d1d6a816f0,0x743ad97ed04227b3e98498cdc0648c3c
0xa7e93a80fd99ff20,0x8b15d4582cc52234d8a7019f898b7301
0xa7f83cd9bb2332d0,0x0947bf82b8ed3aa4681be70bc2e4dc34
0xa802ab32f1095f10,0xee9f143dfe729797a9498f966ba714d9
0xa842d78eec95d900,0x3723642f2bd091e2f944b930bc3dc746
0xa889ea843070e150,0x2fc1ea7da3b0cc064d6bbd5da64b62d5
0xa90a684302bbc630,0xe94f51b2cf74544302483212f7023321
0xa9c7ae92e61b4dc0,0x991ab513369fe284edc641cd921bc646
0xaa21168e20914800,0xa2cfff86fae0072f39fc7c2d8a260065
0xaa3e06f95351c340,0xead6b26ab6600ef91f4e7e4c3417ccdf
0xaa5a3489452948c0,0x06662e6c980beaa803ea4544175e00ce
0xaae1d0eee5efdaa0,0xaeb6eef8eef72f9edfb0d7609ace7bd2
0xabbd2fe0e095bbf0,0xd39dd7ca1fde56c19d41a10b16b3d17d
0xac91c01e734c5190,0xf915486569967b5cfc145cfe469a1289
0xadb4fb02e253ed00,0xe67383496fc7a8bd8e5c9abf9adf0545
0xae5ceb3d1c275030,0x76fe579f6382f3b5f9adf8c56247b40d
0xaf3aff3c386f5910,0x4e1fb078f81dbbf30f173d8bb7bd77ce
0xafbd57df46121540,0xd1935abb42cea88627c8a86a03fd60b3
0xafe6790abc18a400,0x2aa36cf7eb70ba6527d99a23e4f7625e
0xb11bb2df346eba30,0x9af08b9a5ba1cdb699aed9de2e7833c5
0xb1df5a7cdc305710,0xc851c1df7d1e162d278f58a0fb6de7c2
0xb215d0af7922e930,0x431c912fc1d08108c5e93d79690088c1
0xb2daa1f6cc160140,0xf3f053233bd5f8a2073c36ba5d393bf9
0xb3dd77e1cbb02fe0,0x2f751bde66163e5beda2fc4c7237d420
0xb40dd17796417f00,0x7dbfd37f0107d458a85e869463e55888
0xb470589210c23880,0x7f6bb6fb60fd118850791d41d7c8c77f
0xb48577ee914c42b0,0xc945291e265464dbbe50807bd7bbf3e9
0xb66da8e3a713a2e0,0xa71619e64c661c0fc6ff4b76500f9914
0xb6eb3b81b26d1e80,0xd7e7ea726a65113d6f94ed844cb0ff1b
0xb76ba3668250b440,0x83ce962b456f7d31e5c85b5155a7b1ba
0xb775f4f0adbba690,0x5b893524ae4d75b8e2b3ab70effb0584
0xb7d3589c3a51b130,0xf42fc92c048d1c2b4167fa2f20309b59
0xb7f746645766b900,0x9a2cb0d3d4977d0eb275a749f62e7ba8
0xb83d667c7e57bf30,0x085698d7a91b2a6f1f4db3e620b293a9
0xb85f2ec49d6fe1b0,0x8c46e2bc4f12b0d57028dab48f0c417a
0xb8e32a6b990ea430,0x45f4eaa8643d0eb78904da261b2fd815
0xb9452195d03ce600,0xc24d532fca10725a112a21749d270596
0xbb65687cefc95940,0x544f3ff82a8a24c07ecf1da5a3323af3
0xbb7f99c085d6df80,0x23ff34b7c2ce6c9b7e9acd18227cbc27
0xbb8917463c3da910,0xc28d2ad53bd3147dd0f0c75d21d32e24
0xbc5a96a22854ce40,0x4c05e70346a1faedb8b69abed5cef1e4
0xbceeb65e93e315f0,0x6213c72769aff564748f2247dda6cb0b
0xbd33677abff87460,0x8c9965796ec59896ffcb2aa32e6db0ac
0xbd9fc617ae4a5c80,0xd90aea601f14f1c8afbd507f1cb2cb16
0xbe767191ae1c3840,0xb17b08aedeb5b9e5d838f3ce74448cb3
0xbeb40c32ade8c240,0x0353a7da07b31f460330dbc8ea7a5b57
0xbf35cf4bb8b12050,0x40e1a7683cd1795081d1596adf595c7c
0xbf401e04b9f94ec0,0xdceb201357d9af8d3fe65f90f631681e
0xc06045b5bde11e80,0xed5dc37361d8d152bb7144375cbb509a
0xc09e06153c669aa0,0x087bc43feff10c1d0e276b0f04551cbe
0xc12ea9b8e7e13ed0,0xe6b106e289110af04a276dda34c3494a
0xc13e66af3c9590d0,0x6b770df15f59aa2c4a82e06a2f16fb50
0xc1a0b1f025de5340,0xc8099ccbe5a6beb5392f2cd145f6bee6
0xc2c656138609c2a0,0xc87ea6b542ad26e96d989cc1d1f67ad0
0xc41c918631f53820,0x601031fad1e06f003f9972f196535180
0xc485009cd4f604c0,0x872fe36142b28540224bfb0d598d5ca2
0xc4d8347a44fc93c0,0x32cc59b1688393f7f8a2279498f3b0a1
0xc6cdc9e8b82bb180,0xef77324560ac257b1cec53a1cdb4b13e
0xc703e71a6e9cee60,0x994d799a99225957ee705259262ae4c4
0xc740516000f840f0,0x1fc5554c8a6fe77386dd3b65673ba5c0
0xc7afae8fdfecb2a0,0xaf8c96a918f7e499df61c53457d1d37c
0xc8a86e3a62937980,0x06ec9ad0e2cbef407b38a089fa4abdec
0xc92c663c430928a0,0x73e46350ce0db34030cc068d7a9f3f59
0xc94aa04b748d7380,0xb3ed65834a169a170475d72ca20a4c69
0xca92720ac2e8fae0,0x43db02351184d8fbbd335a642d79f3f6
0xcac342327da41e40,0xe1c9929f1e510001c47ee65a698d01df
0xcb1dad0d0717eb40,0x43a9da5b546e8226604ff4fedb690711
0xcb4d18d6adb6da30,0x99a2ecb1c202387b849b8a44ce1bb02a
0xcb69ca385f3f5630,0xd0dfae436d16ee18552116dd2ba4b180
0xcbacc1598e3321f0,0x65175f8d04a3e1762871968c27f20af9
0xcbce125bda1c0160,0xdc371dfb2210f28b630f00b19bef38fa
0xcc4010186b3c6860,0x7e48a1c8ef4d478ab195c85b1a78dfc0
0xccfcd80edac72560,0x2de4e15df26bfc7adcccb7497ef4823b
0xcd3ddc5d589e6970,0xd58bac20b07f037e359efb028ecf3f7a
0xcd84344baef472a0,0xb9c3a78fc8d3aceed370c51fd8e2ba4c
0xcdf53f9b41023640,0x4cf4627782dcf73633744da6b58e2a1c
0xcf1e6ccf9ad098f0,0x938d45104ed0cd4d5850e5c220a22b16
0xcf4d5d14adc0fcd0,0x5984ae6688953e23f2c1c87d63d80690
0xcf923e491a2ae050,0xd0ebc1e41067b9cd0dace7b368768dbb
0xcfc80b4ecab68ee0,0xdb3d663628e1a8afa02255129ed03a7e
0xd039fca63c78c6a0,0x1841c24912882f6000073cc2c801c67c
0xd22428c03bc3f210,0x4b3d1b2a770bd8a791fd78156e3f32e8
0xd26c34f8f6b15570,0xc5795b581df5c5b35d7ee6e358bdd490
0xd29e8693faf15010,0x190865159cb017c18741ae91acfebb4b
0xd2f7442906714930,0x09c64c1d00f2460382951fe052c553b5
0xd335914ce62ce6a0,0xf629253502b33be214ed05bde4d08ebe
0xd34e976fdf803cc0,0xdd5c4caf1a4e08cf7ee1f0e59f995992
0xd3901a57e5456670,0x9dcc668fa4007b485c531539d20c450c
0xd39a4bb0d62b68d0,0xf484878d5bc9e8895567a84c1480f037
0xd3a9fcd6e4f94a20,0x7f73b70eca2dd546090ba17915222401
0xd3ca44770fa2d270,0xd3c401d04bab6887b3975da9113c88f4
0xd4323934cda9cfa0,0x09ca574d20979829cc898b6a733db528
0xd50413fa9c1607d0,0xf3b8b79a8201af9783e667b4f1b35f7d
0xd576d4155ec17db0,0x9b0252440950fd131db53334fb0323a1
0xd61a43f28ecb4970,0x2d5c6415fedcb8f9378b094cb5178761
0xd71330613cc4f770,0x3f2de8a82d20481ad216ad53d4088ff7
0xd759af908fc13eb0,0xeecb810375f31bf45e96c772358221cc
0xd7604342fcbc3220,0x22d801701e6cbd83a2f62516dc88b09c
0xd81580dc24d878a0,0x2c481f988ce67bdc41b72448c2862234
0xd856bbb08bb2de20,0x29cf0d4236771ea6418b6d331551de12
0xd9073286329cd430,0x9f13d2fbe583847f852d2ee50061fd30
0xd997e4bf209fd440,0xea1f7a9391340a41933392937a04a0d5
0xda58e05a291b0b30,0x700b2978e9e0cd8b2da562c6869f6ec6
0xdb881f17d0af5250,0x01c3ba8a7790ffbb3b193b0c398a306a
0xdd05fc7af479b310,0x439e5f60c500db2cc496d47b66ce1549
0xdd84f39e71545a10,0xce164dba0ff18e0242af9fc385776e9a
0xde90648113f333a0,0xd7488a7680aaf97e454b57c1ee874f00
0xdfa149a35ca87880,0x83f2eddc158f522cc95e4d5759c6d80f
0xdfa4807eb1a1ad30,0x1cce93d1e5c823616d20022ada5460b1
0xdff2b98a0fccb520,0xe5a61f880c461b549897d88fa8b43255
0xe0f24eb3af58e380,0xe9e4f06c36890df97bd37c4b948c52c8
0xe139d15d48d8b9e0,0x01a6009ea8dce886ff4533febc6ff6ac
0xe15b02b935331bc0,0xa54b260fb1d48b0391f2ad426965ff94
0xe188bdf5d2c9ece0,0x73afe457d2ebae9d5066efdf627edbdb
0xe43ed5f7040874f0,0xbe6ee166a528419ab16222de27dc7d9d
0xe4bd7d5703e3c250,0x69f5a74186861f295cb76bb9c0ff34b4
0xe5665a4df4296e60,0xe051d913557e71ee8d05f9d4df909777
0xe5f1439522e7ee50,0xf95c46f7682e4002a9f15f7cd7ea0686
0xe64f7d504b080770,0x3d8abfe328059a51fabff551d0b07ad7
0xe8b7e2da277e5c10,0x497e28aace03a34da022dfee843fb606
0xe8bd94380aa57c70,0x2e7b259fc37164aa95fbda85c6c017dc
0xe8c77b7b86b9eea0,0x7d3c5d71b41827e1a97daee14dd15ed3
0xe8f58c5dffa08410,0x72e6316ee6710ad2c1b5468a27bb1580
0xea78c8cae1785bb0,0x43abafe9c6073b62975b8a094d5d9fd0
0xeacef95f511cc1d0,0x0b0e52d50be1a657606ae32b89877942
0xeb0e9678f80a8870,0x183fc86afad2873acf05359c914ef592
0xeb6b96ecea3a5bf0,0x995d767b0c1333ce07117e78e70a26e9
0xeb83af16e404d800,0x6a325333116e8a6429deb984c31277fd
0xebc16f6979460970,0x14dc01bc0aa5658322a5a421858da7da
0xec7b009c9b83a430,0xafaf2b68205bf9e7c42b43fa6b4de9de
0xed01d648fcc59760,0xd7d5f9bdd3e47e37817d67299de1a139
0xee8f0e0999755cb0,0xd4e26a5bf807cdd926184c80edf6b1e0
0xefb0512f3e5dcc50,0x0483bea650dd55ec305555bffd04a69b
0xf060f172a84aeaf0,0xacc99b97fd77a1a8e9e9d60bc844a165
0xf118ac101de4ead0,0xea83986171027b0323a8eb6e2864120e
0xf12e50e4ea4da1a0,0xcf956635d9c165b3380d30b4ccfeb435
0xf173d2fe2d5b0290,0xa623c2783a94f14b08302ee69a9c1d73
0xf1843d7e8a00a690,0x1ae3b6381c723c20b6997df2e9b4cbf6
0xf2684ee15ad87120,0x57435d9ced3032ed824c6948f474b1a4
0xf367dbe240e34690,0x88653e42cefe73ece9184b9f501049e2
0xf40048d7c31d5a90,0x49b25ded9c31d9b25a2b745b7b59051b
0xf4235c2ccfd2f1c0,0x476dd8a4483b995a9c834a7cb990c977
0xf509203a5192bcb0,0xe592e880476f43b1fd64bfa1ac98b681
0xf54afc1fb82ecce0,0x02143e2e79a0d008c043feeedac826fc
0xf565e82a79a975c0,0x860fbe0cb6870e201450e2ed3da104bc
0xf57b6006dfc09930,0x36bbde06429a8f86c6b23bac701a484e
0xf73c3dcee83f3270,0xcfd092769c017e5d5c41dfb5a94a29d3
0xf77a9ea49e99e7b0,0x6b1c08c4e469f10892894e79be8b0f6b
0xf7d9dde98d19ce50,0x79cb26d24251bdb2776adad8744f957f
0xf7f21e5cce0755e0,0x960da7883e1e165decadbb86f16f1487
0xf8b8b8b5863a5de0,0xbd317f2fb72d9bb433f4d3e9e0db4322
0xf9422f1efed97f90,0x8191cbeb175bf448a0ce5b5fca563921
0xf99d4c7767a84e10,0xd2c8ffade980e670c0773fe04825a5c2
0xf9e5399e55a0fcb0,0x71a261d82da2f1939e730261181a00c0
0xfaa5e2794019dbe0,0xd82677a14b5f0fc389c936a94ab15a67
0xfc98c279cf6f1110,0x9c9d03f309018aee69407be75a4f4145
0xfe757f702f809c60,0x29bfc91d773cb93d5e785c79d88f5ad0
0xff0a837a3e0f7480,0x39175ae8c38efb8c15362c1f90b359d9
0xff29867d22c0f030,0xe50071815481b307993c47c3f953249a
0xffbdfd47dc7972f0,0x08df6b197c3ad03720d5c16e961139cf
