0x00a1402e57e7ef70,0x1a9e8547147a08acc65d8e4ed01e488b
0x00c08143c5a428c0,0x9a4c2227abac92b4db9098ea116cd881
0x00dd28b3acea35a0,0x7c26c722253dc9ce208d549b6b0efd01
0x01fda698764657c0,0xc4c536fb1d4d11804c6e6fbb37fef6b5
0x01fe2e706aa066f0,0x3a0aff4944444f7dada6b225c607fad9
0x0202861c62830860,0x84dd6da68e751eb764d09913191b8adf
0x0247145f4a814d50,0x555a40854578bab326a974652371ea2c
0x024bfe48398071b0,0xf474b1a4f2684ee15ad8712d7ee1a2a3
0x025b7c5f1284b9d0,0x702dc88ab97fb3bb7ecc040c75ff93f0
0x027752fe61f68c60,0x88a0edce4384860ce413961f68c6dd5e
0x028f1175eb59d490,0x5e0a3abdc50613abc67518c95e19d2bd
0x032f594d0b82b610,0x53a081a6a7647989f20e8bda39cc6d88
0x0361524c2cc0f850,0xe66cd36e68ef8f5fae68690a78bc7175
0x0364180e226ed280,0x71197d0b0719a856b79104d4e51e7903
0x03cd7bab667b94c0,0x5462a18d1b6d6ce901364fc51a6ed97f
0x03d0357554bb58b0,0xc69a3ac29383bed6dbcff686c2324d72
0x03e9ba024cea2df0,0x54a1d50572d6bc20d80d6a1cc2472fd6
0x03f7ba05cf4bb310,0x5df2e07353f04099813dd49a8d99743c
0x0426465e3e379520,0xb490b6081dfc83524562be7fbb42e0b2
0x04551cbec09e0610,0x0593a316087bc43feff10c1d0e276b0f
0x051266c2d4443d70,0x9f51a24ad4c02dad72e74f09cef22861
0x05613af93f482bf0,0xbaade4d47593afba1a172460fb72951a
0x0576598359cd0120,0xb0c952af9db31510675d08552d5590c9
0x0597aab614d30db0,0xccc14d5173f660d8e9f41cc04653a560
0x06a8e22fd57caf00,0x7d3c279b5bce228b989bb03086c47b06
0x06e800470b5560b0,0x92dbfdc913f60dff788afa157d58bb02
0x073665614da72eb0,0x9e81d10221968b621d2152f451b316f6
0x079be4e53a6e8f10,0x7e3801afd1a8d7b022b3ce34867a4ac9
0x07b5cf893e6d8be0,0xf8f2412389f007fabbb1b775d1fd07da
0x07b6e28f4e98ce20,0x402492a3c334f55802cee5817e15aa2c
0x07f79ee0e299cb40,0x3f7512c56e05724db49b93d51e709e19
0x083087b45b5eea10,0x64e26c6f3b48146954fe81bba3455904
0x08439ba12afd65c0,0x185aeb983d9f3e803ba6857733964543
0x086c976870fe3cf0,0x9a9dadd2e7aad0707cddb4cc3e332f35
0x089b30a0809f2920,0xcb4d18d6adb6da351734a26c92e94e89
0x08b8427a8a34d6d0,0x48a3920bed6420ba3260141eb828ceb0
0x08dfc975a4fd9200,0x371a239070c742d03295ba69f9873b5e
0x0913508715d38ca0,0x4e3c0f2d4332559dcad00273120961ea
0x09e1c3b0271f2770,0xa43c991d2d4da4ef95e38180a1ee691a
0x0a515e8746ba6850,0xcc4e66dade0989b952526d459c684df1
0x0a8aa1e45c7cbc60,0xffeb5d5f00f520f49ef1c8461dbc24fd
0x0aa5658322a5a420,0x58f16c91dd6d47e490e0172f14dc01bc
0x0abd9cd0aa1a5bc0,0xc27efe7edff0ad7864b34997f8d9b7b4
0x0acb56bb00d28700,0xb0fca11e8cec313e6fb3dafa6d9ed7ae
0x0aebe0870a5a61a0,0x5e6cc9e41768599decffd101cb622873
0x0b2f8580f3f05320,0x01275a6388da091b61f6c8770212585b
0x0b36f3cd0acfeba0,0x00fdec23598ca3b429b108230d742256
0x0b9bcb7edba620f0,0x82e2f4240dbcad25daace3a3c2f89ef4
0x0c132eec9b1958d0,0xf349f09340601a0d04da2f4c11279e77
0x0c7c9761a617fe40,0x7e192ce32bdccad03027bdbd981f25ed
0x0dcf035b7552c6e0,0xaa66b4648420b8d9b261d0d2a1c2d9bf
0x0ed91a324f0fa9d0,0x0b08da959fee599a0878f6db004cdaf0
0x0f08502ee47e3d10,0xc34dfc6428e2f201fbb2242955ab42c5
0x0f2670d2f19b43d0,0xb9f94ec650ae265209cd3bdf356af737
0x0f66b32de19b5830,0x9d44c93e7799a8e2b368c5539c30ceaa
0x0ff34b4c02f2da90,0xe27770d56f6972a557ed0cd13048d3c9
0x1004d975c0458830,0x40fd8aaa3504e26c5f7e07d3160d0b9e
0x100aef240dd15be0,0xfe4114cef11433a74a946f02689f2d23
0x100cfe8021323c20,0x66ab247a75fe000cc40732b4ef1772f4
0x101bb5fa6a677620,0x27f9e728c618fc1e6a4805421965e435
0x103393102b7bde90,0x94665d45284b7bcda3af11d0a8ab29f1
0x105ada6b720299e0,0x7244f536285e25b4b3969057425cb200
0x10da8a9516408160,0xbff773ce32b2c49215ace7a1ceca2ee3
0x11fba56e300a2180,0x47595b016c835975efa2ce128c833848
0x120a202fe11a15c0,0x6250e9f908d17e6327e8aeae24a703e3
0x12f7acd3ca4d7e30,0x74a4edefb8d59b9319849ba8bf46ead5
0x139e5ca2b9e7f780,0x9606293028600311c315d334e47c98ea
0x13bfa9fe9cdd9f60,0xc13c66888f1b5be16d4ba69cd16903f2
0x140d016e69664370,0x3ffdd31f91c73e1dad358ffc13addef2
0x143e2e04bdd7d190,0x8b5885ca0bb2c3f0bd30291a55fea08e
0x14827a895e6364c0,0x5882e3bb864696c1deb4e6c435a7c6ed
0x148b2758d7ab7920,0xd450fe4aec4f217bb306d1a8e5eeac76
0x148e9fb96ece0440,0xdc0ea928b7b61710793c8d791d793750
0x14afe646fe3216b0,0x4ec985ff94b28b9d88819f421a42b629
0x14d4dad6ddfae800,0xecb3d561bdf0b015f305ee95afb120f4
0x158423a5005ba4e0,0xda34effa04cb4dadd98efec68fdeab3c
0x15ecb9108e383430,0xb6649e79473b8bf6cc5fbfe7f3be0a6c
0x166533672c97f160,0x45b6227129c5de2a50ecb7bfa9333123
0x166a1a98af3b5a90,0x848edc98eec9fa674cc672fc3006ff85
0x16752b38fd642ae0,0x1f21747566f0f7698909c1ba18fa5472
0x16febaa011af9230,0xe07405eb215663abc1f254b8adc0da7a
0x17426bd07de5b4a0,0x1981f0d4dbf9a793ecb9cb393103d904
0x1759edc372ae2240,0xe005b86051ef1922fe43c49e149818d1
0x17fd3736b7ef9410,0x09215f4f9edb95f2c787ddfb5697f17c
0x180aa66ae45f2e10,0x94a2e84d93a3653714f3578d48040c13
0x182165fc3f847470,0x60cdc9dbfea0eb70ca8b425cbaab6a44
0x188417d8fe9f9ff0,0x052ba0513c241ca590425d14e6b0643c
0x18c407a8adfd4290,0x1ed90f61a38587a32aa8ac45fc22453f
0x19365f61f4848780,0x277e5c1808771fe6f7d870b678ac8704
0x1938d096ed3dffd0,0x853a91353ee2151b7e88c93319db1d7b
0x19b6edfad219c770,0x5a23c2f2262acd409067f7264ce68c93
0x19c78df48f4ff310,0x9c6316b950f244556f25e2a25a921187
0x19e8065b113ed690,0x6c63086ae06ecd8a6a1891a549075479
0x1a6e9ef754700830,0xad5a14c79fce833719c613bae1bd8bab
0x1a6ec0e3725964c0,0x4fa09d36d0f4903a965065caea8944b0
0x1a6f0c9af1f7e900,0x062d7f7a45dae1f31a7e256db6ffe12c
0x1ac902ee25777cf0,0x5c94938160c6b3ed755a3ac132ae2a20
0x1af4321addd3e770,0x1ee1723b4a9686a4e75241027acf6bcc
0x1b62d422444c3c00,0x41d1240bb53c902262885f8cd6fb2221
0x1bb9967b19c87c00,0x27ce5dbadce4708a1f206b2e2e40d5cc
0x1c2750353a8be160,0x6382f3b5f9adf8c56247b40dae5ceb3d
0x1c52d51ec8fe0b20,0xd34145328252f7235b0eec4ba2a1fa45
0x1c6258f0272c7630,0x1ed95ae665f44940f5114a9a5f32403e
0x1c87284dc5fa8ac0,0xf6b1465dbf2b64422f9f5bf9d6b6b5d0
0x1c9527d081ffbbc0,0x5bd3839291e54b3a0a4e6eb7f97b8d62
0x1cf4a8ed2db6de20,0x5d393bf9b2daa1f6cc16014a2e4a6e78
0x1d7322518b763f60,0xe389adef4d1df659c736e1668042e02f
0x1db1dfdc357f0a60,0xce0755e354565b12fb52451d90e7e1a1
0x1e33ae648b5ff9e0,0xc9d3cdb9ebb9aa725c9fb4405ecc2838
0x1e82b4bb33352190,0x5477afc152d3b914c1e1b6e14b2d7213
0x1eb95739b8acdd80,0x0d18533e7efa2faf58ba0bf3675e0c52
0x1f7550bcb550f220,0x854df9b62b66b1c05fdd53296c749cf4
0x2071986835f295f0,0x4b3d15c68dcdfa954cab56c39c514c71
0x21366a11e4eb24a0,0x10587f452539021523c0b46981001b5e
0x2147c6f582ee1d80,0xf54e888981acd529a0641fcb14abd4d2
0x21653fa639989ec0,0xb6e2d1e40a22b2ce234e85fe3cee7eb0
0x21cc14b312bdf750,0x6ab015638cffbbb14ca49aaf6b944e09
0x21d32e24bb891740,0x62759469c28d2ad53bd3147dd0f0c75d
0x21ee302e974d9d40,0xeaf94919e69b79717f9b76efa1057256
0x2210f28b630f00b0,0xf275212cb8f690fa40e54cdbdc371dfb
0x22587c8958ccf9b0,0x5b61f92b9cf600ec1c3c8d3521d4fb7e
0x22d72fabdc786e70,0x3d75489ae1289e96ebe3387b68cbaa9e
0x22d801701e6cbd80,0x2ebed37d05d156b6eceec38d511fcda9
0x22f062975d964250,0xf80a887d68bf0da370eb1aee07e53dfc
0x2308d4fde739e5d0,0x7d534839d4146a201da72b622fabcae1
0x232d7ed8b2192890,0x03f9c3a35fb1a0dd34fef75045709961
0x2362dbc180245320,0x839137a6a9774b71de6d2d7e9f312acb
0x2373624bda3f22d0,0xea4f44cfeafd080bdec8633fb73888a4
0x23d83f2284403b30,0xc9345ce70e5bc44c98decbf642734d1c
0x23f1b67e01d34690,0xae3582906d80ab08c963d148104dff66
0x2408c3c2c9d0a7f0,0x20379089711fa10a0b2975c6918ff358
0x240eb6c1c5cf2550,0x227400da81de9808c2ff347bd527b331
0x2412579d6af944e0,0x9a1a7d6fdd02e100e3d484087de8a234
0x2446eceecaa0a670,0x82e7448cc003745701847803d840fccb
0x245db6ca6f6a2190,0xa629d3322d4ba5a44fdc13515ba830dc
0x2462c274abbf66c0,0xddda17a36779de0d25c1df67987d616d
0x247b34f7cc2c1580,0x42a119ef7facf1e1f50524584a459825
0x248988cf091523b0,0xa1239c7249ace04913bd01ae70dd4704
0x24a3b63500513060,0xb15a8171ae76375bbd96678341ff6f63
0x24dbac94486cf4d0,0x5ec2abf6a2237d40d836ba33846736ce
0x25033a3eb1f5d7d0,0xbd637b3afc0b1519604aa4a2e983cc1d
0x259cff81e5ce0ca0,0x390a9016cdec85da200f7753f217faac
0x25ab34772328d860,0x5bee11e1a5660feb35b996bd901d169d
0x25cf51c49c899290,0xc96ef1a5ac7074642734f9bbc7405255
0x25fb5f3d866d7000,0xc8bf23fb9a431f7a41c30359dfde2281
0x262ae4c4c703e710,0xe14880c0994d799a99225957ee705259
0x2640211e29f2c3c0,0x5c6460364a1eb1b7955d0e77fb5eb866
0x2692a85929bfce70,0x2160af294ead142835959257c10b89c0
0x269b6c3babf0f4b0,0x5b1654ad81e774de3c740119754724dd
0x26a6c9d609122340,0x8f28b6f3fc7887009dcc3e8ff61ebff1
0x26adef3c23b982e0,0x6391a567684e8ede2fca7a048c39ceab
0x26c06e67b2ddc480,0x69407be75a4f4145fc98c279cf6f111c
0x26e5e2da91b92f80,0x9de0103a4e2e2c6e08e7a744a7f3c30f
0x276d7e19f924e060,0x9870c707955fbc330142424925cc2478
0x2783662b7f49db70,0x9ac352cc961516b5896431bf18ce5ecb
0x27896389df3277f0,0x0ad4041504c14982d9ead9264745dd9e
0x278f58a0fb6de7c0,0xd866e735f4a61316c851c1df7d1e162d
0x27a0008c0b443610,0x9045a445958cd60ea07f7f4750c6fa8c
0x27d99a23e4f76250,0x90823edaa0722aa02aa36cf7eb70ba65
0x27fe1b4b9bf1f1d0,0x78aff58ec058a332b4cfafa86c98f73d
0x2868c76b7a94f480,0xa934abd11b4addcee56b3b1de54e4a17
0x28a3938c4ba4d5e0,0xf38075439722bf902f073516e8a14cd3
0x28b4d5b9693d9930,0xdd55daaffefc5b4aeb1d10619717aa6e
0x28b74f3dec3826b0,0xe5098f9ad3c61e058d37aebb8fc7f7e3
0x2922bc1d47ede520,0x3b4590c67380527c2f25a8cdde699e1e
0x29b496640f523610,0xe91e70af224af354e4907635201910c6
0x29e316ad39ddc470,0x5d0057167680891b6bb6204ee0db22d3
0x2ad735da2d11b490,0x1f32140f52068f99d493227edcd3c130
0x2b44d7a254e1b6c0,0x46ad61718f72b28c16fca750fa679a04
0x2b535d23de2d64b0,0x95e3f32914cca279a63cca7578405abf
0x2b7513d82fc1ea70,0x79a975ca28b671b88eca745cd90f6bbc
0x2ba4b180cb69ca30,0x0febd845d0dfae436d16ee18552116dd
0x2c8aee2d70910cc0,0x87b8e8c8748fd1390c6d93b71c141ab5
0x2d58bce989745cd0,0xeda678063a19607d3bfb255eed0d0418
0x2d5df04a14c226f0,0x8f022246df66946a01163168bac8a760
0x2d64584a9ee08ee0,0x18700fd5478947081b08fdc11162ce26
0x2d8b5b41590e83d0,0x3b019fcbf96d4403d48c93f3028d042b
0x2df4a7486e7703a0,0x4fbf545a70bef8fb659812bf4a18bafe
0x2e2dffdff57b8a90,0x20ca35ab38553ac87d7185913fee2fc7
0x2e665ecb06f9f4e0,0xb8c5ee78d214f218dd3b8d933b8ddd5b
0x2ea60b99fa7ff8b0,0xec3aa314da9bb01779c147c719a5711b
0x2f06771ef7f6b590,0x0ded0f89f059a06dd7fab5bc1dc11ea2
0x2f39c04551bb91c0,0xa878e8767f0df2ca2dc6c2accbae0e93
0x2f42cb58bc1e8fb0,0xf544412b8fb5f417de2c4c68688df8af
0x2f595bc0dad16c20,0x7b3402f41f13fea57c261cc8a94f30d6
0x30519f6ab51e3a70,0x45ac15647d7a0bfa598c8a5c19b2b595
0x307bf3262f120550,0x9cdeb3e60870e15c2fcd81b5d24bace4
0x30bb83947a31daf0,0x9fe1662d2bba5e48fe31866ff37b9601
0x30d6863f11c272d0,0x8a663359abe0a1771c5e1698b7a02afd
0x31307e46af797540,0xd7de701d8eafb3235f65380029c836e0
0x3162ef95096b03e0,0x34ff496ad52583c84ceb46d39fe62e36
0x31dbd1d548e003b0,0x3dbe0be03b8bb80d572de2ffeaaa5a3e
0x31f1f4f44c9dc9a0,0xf15fe2ff689a0ced3e14a4b11a00cb00
0x3239d04bcbab5b50,0x9626d8c4344af454f0a61c5e707421d4
0x3246b7d9bb296630,0x2258edf30ff0952a0b2591c40021b632
0x3288a67e030c98e0,0x7d87d79311705ee3343b4fb0912d791d
0x32f0491f6f6bf210,0xf5d6f87902eb8a14340ace11db830a1f
0x3301deb47f571b90,0x97e27d7a9c369f6d91219f59df240ae5
0x338f8437faa2cba0,0xdd7516f558aa03838dff06d28340fed5
0x3412fc12ac322c10,0xc9e4dab20edc6d2bc470f0e7f76fbfb8
0x3421beafc149fa80,0xb2f11ef9d48644820078cb124b7350d1
0x34536a9b7ecbcd40,0xad527daa8ed739d7d24f69197d1d339e
0x346eba317ad5af80,0x5ba1cdb699aed9de2e7833c5b11bb2df
0x34dd7624c3d9b3b0,0x7f2a2e65c6596f7fea455fc7c80cb483
0x35045f77c317c3d0,0x571c9d788429aeae877e5ea1c33993f2
0x3513198c67f8ab50,0x95e19cb6698eecbada98da57166adfc4
0x3536763b4768a5c0,0x8b67e0d305d799676d9635ef1426a5dc
0x35ba9da198d0cbb0,0x04ae5e3ef0c5380244744ac61df73276
0x3659333f3deaf9a0,0xb888cb6597b19d4f16d24a67c6b1b41f
0x36cc66a403a75900,0x77887200b6bd58d6e8c2215dd739bb9e
0x3756af5183dc0100,0x9cf52508aac487b171db0784b71df25e
0x3765002d6e6b3eb0,0x8278e1e52adb6a6783add75843e1592e
0x3787ba1c6a335960,0x5a1ee0f6b973e941404a2d8689fdfb99
0x380a4a2ca4031a40,0x0495c348a87cbe708a1f9e07e8510977
0x38431ed6258694b0,0x27e08e2fc06bad381d010478c110412c
0x386b01c05ffe6c10,0xb9e789c616f48941ad283c0df230400a
0x387787e2bc8a8030,0xd2ebe96b24b7d424e4ed458b010ac3f8
0x3888447911ebcd40,0x59acdd984d125e7fa59cec98126cbc8f
0x3a763594a3167920,0xc496d47b66ce1549dd05fc7af479b31a
0x3ad23fbf2e573860,0x4d6d99a628d798b45d4438218a7f03ae
0x3b1eadb046fbd740,0x5192bcb80f33131c98ec02e1bccca57a
0x3b520373febd7550,0xa1515f1e6c394ce765b8e1b06559f2d5
0x3b77ba5f586076e0,0xb9a6edc1099fb91b808ea422c6f6d1d5
0x3bcd6aec53ca8c00,0x496dc27b7af2f402a0e624f15f89d54d
0x3be957670884fd10,0x2fcf3b87defa786415ac15c3a217cf25
0x3c8c7cf6bda2d210,0x83c39b81e8f300a8db761752463b76af
0x3c91e45824b27e80,0x9ab1874e17668e8a78ca810e74286356
0x3c9590d33e2aad30,0x5f59aa2c4a82e06a2f16fb50c13e66af
0x3cc4f772547e3910,0x2d20481ad216ad53d4088ff7d7133061
0x3cc919a97ae1a240,0x18bcaa21b887d3e9a317105664afbf49
0x3d83ad7c39f706d0,0x2b863694541d1a814815642ca2bb6283
0x3db612f46df2fc80,0x241813ef799fde337a2be04940d2d16f
0x3ddf55b2015128d0,0xfbf70946d6ada0667f6bf51b3a05c0b7
0x3df8eeefe44a01f0,0xc2112edaf1e7ea9b2f6570d74643d705
0x3e7498a7286334d0,0x1d0f64d23bbaa05bf77bf1ce58fb4205
0x3efc91f057f599d0,0x20a7446bf9c8d852760eff62298a7d8a
0x3f9bbcfc742c5900,0xef617cacc674d2447b056d0259de5319
0x3fbdaeed723dc8f0,0xe5a15243c7281f15b5cbb690735b3a80
0x40b1f64d44933c80,0x024d65deaf44eaeb6734162f362da540
0x41229d756a8d3e80,0x816480fa90a2b8e1141bd89660924d2b
0x41a449086a864010,0x5dce8477c9e1893ec3fb37430361194e
0x41ca37f5f7de1a60,0x04ade7b7119b0fb4b0fde8c97575117c
0x41cb57da50abc450,0x601b3bb548ef09a4b8c0ace840a08643
0x4202faf9dcebef50,0xfeeac13d581332c2233e383454e27ea6
0x42260a44773b8350,0x4748f7ea72789d7597f0bfcf1c351dc9
0x4247e78b3b6ef9a0,0x6ed2a4ac0f21ab056084c9fcfcbd8ac8
0x4279b14dae55cdf0,0x5decc06af24dfdd850910bdc8ef066d4
0x429a8f86c6b23ba0,0x7e5c99ac0f95b88a89600a0436bbde06
0x42e14ce97e8efd00,0x8e3f4eae19b5024ceee2a362cccbcb6e
0x42f811266c2c90a0,0x31f0e15089419b16bbca76e0e56a47e7
0x43a061c445a16970,0x4aa83cd65804a8811d8cca3b62614790
0x43ab4db80e45aea0,0x02af87f50ef2de43231e58b01acd3824
0x43cec8096dec9a40,0xf118ac101de4ead3362b5eeabdb63f32
0x43f98cbd179d2210,0x1c622f82d0813d923aca43f27b777bf2
0x444dd831dad389f0,0xab5c31226e9393387c7e8bd2f19348ca
0x44864d26cfd09270,0xa81b3fe3fda48455acac00dc024e8609
0x44bfc434481ce3f0,0xb287c4407881307d6e771359677abeb7
0x44f06c4ed87d3af0,0xa94501d7f9d0a163def1274a13801f25
0x44f20133f45c8840,0xb42fb35758d97f4a95331356074f3be0
0x451437d6566ff3e0,0x6480fdc0f1c58f447e083c1bcda6a326
0x45276f0fecbdaec0,0x51e1cdaaa0766bc39ecbcf97c201af5a
0x4529f10d897e7d80,0xeb76dbed28c432ffccbc2cbcc7439bed
0x4568e46b43cc31c0,0x99bc0787974b0fffc56300bbe6d501fe
0x45d739225836d760,0xe108e5d92fbed0dc29ef5907c680b96f
0x462e8578a05206d0,0x0f2f6ba70166a72f641cd0b73aa086f4
0x46884eed20346630,0x238bc512d13d78bc42c07c7ef7402ba2
0x472005457b9ba350,0xa450d1d0d35e1fbb015404b72e6984c6
0x4741ee56b5e28340,0x65e9675306389bd3d26eeeba53ff6644
0x474682516cfd0880,0xf94cd0da156d3de3241fec26485e5204
0x476e7b430fa300b0,0x5f000fa2d5f43cd7f1d22dfc92a94618
0x48719831d0fce120,0x06bba00e615acc4ad79d92bc2bd11b15
0x489b9a03bc3548c0,0x5fa7cb00816241bd5a57cde5f13fc40b
0x48d8b9ef37d316a0,0xa8dce886ff4533febc6ff6ace139d15d
0x48e422fdf89ed0f0,0x8a6464fd0b5846c879e32aa0e2238f55
0x48f3531c4fb7c3b0,0xfda834eac74dd25c6dbf859c037d9752
0x49ac2f36b2020540,0x7bd37c4b948c52c8e0f24eb3af58e381
0x49bcf4a8bc6284a0,0xaf273f4055cdd72ecb10cf68b7691470
0x49c735079d592a70,0x4ef9e157e439d480cec1871ab5c85060
0x4a12d0df3988ba00,0x5c3e5d9b0640151e509dbfdf944e13df
0x4adf1f8686d26600,0x1a8f1af06ce2ecf9dd295d4db0b03350
0x4ae302f3b31e9be0,0x240397213a082921e695f8baba2338fe
0x4b1cb8bd21302600,0x3d5d60bcbb0378eb7a62722e1d69d9fc
0x4b36b545cca1a030,0xf521ca9fdf5e6f78beebb4eaeab9221b
0x4b385492d4c67000,0xb276417343ce0b81fee2f56b0ee1ce2b
0x4b5ca436953c1780,0x786e30efce9b2e70b4d4dfccb7d779cc
0x4b7bd27ae20e2220,0x579dc1fb73d0c8bfe2fb8f04c6eb245e
0x4c041d5a7e41b9a0,0xb6ec93b4df0b60b96234a39f3eb91392
0x4c4b91fe6c148fc0,0x3f80c31f15a5712c5ac4b6c7a31034dd
0x4c4e1314343bcd00,0x9cfc308b1ce4355961d944f67c7718ce
0x4e051eea13d72840,0xbd2cdb8d39ebfa326c1b681192dbd613
0x4eeff333a8494a70,0x2e34cc4c5d83c6579482b15dff09ff3a
0x4f322470a2334970,0x60ab75bf34b2a7daed6fe79b8c56ab92
0x4f4f5a2619b6b910,0x61a5c06ec4be5a7fa15d41c915369965
0x4fe569dd415fd4f0,0xbc854e3f5fe1ea9cca70c69290d8416a
0x50464be1eb4d4080,0x30422db9986f5ed6ccf196bbe9f5e3ab
0x505e9c9b8bc88bc0,0x425832c0142a6c95d9082a42b4480761
0x50835669836cd600,0x1a29313d3f74df9ae43bd5309b3e6605
0x50b417eb7111f1d0,0x6e107e22fa7199d653e828869411723a
0x50ea1324862f78e0,0x2fd3b9f2e90f79f835783f662114c2d6
0x51306e5c78c5a970,0x3a357442f325f875e4172ba364eec62b
0x513527a318ef6180,0xca82007fdb0b921f426afb9c2653b39e
0x517830328066b490,0x0f6ab75bf55b2e5ca6ed0ac07e22e1b7
0x51e95be3be46a5d0,0x352abdc0d492a3f9d7413bcdfbdd8d33
0x5235fb420e11f790,0x319c7b43aae0a7644fd43443e84b60ec
0x524bba5b82042c00,0x135981c7b984dbe3aef82d2e51f83e44
0x5286369e1eff1070,0x9def8df63ca318ca330760dc224c85db
0x5295dcaf4f651f20,0x314a332eeb9fc88eb8775b599f3da6ae
0x52c553b5d2f74420,0x0c15a57509c64c1d00f2460382951fe0
0x52fb4fd4ea376510,0x8beeb82c92659b42b2e120898fcb2362
0x54f78e897d1271b0,0x0fccb52e12665bdca55fa54626ce1969
0x553da58add28c2a0,0x3bc4b9f88263da78405087bdff555ae5
0x559708f542b42bf0,0x864d89e78fa370da98849640b6a49911
0x56a0da9e350a2ab0,0xb9c115c3ef1b1beb1a63ed52172c8302
0x56ca50c9ccd61260,0xa7548bad595aef240ffefecd0b6129ff
0x56dc94eb17d9fa60,0xd8cd5da373cc35245675f2fcc0ca3f4d
0x56e16c2b659badc0,0x23aa9e6770bc3ec14d29d77a793910e6
0x5745ef5a2e0885f0,0xc187715f7baf204d7c6d74a844ee5071
0x57c2747f27b51ee0,0x9f2d5db8debaa89f559de20409642b31
0x580c79fc7b69e690,0x0b648acd3d6e2667b6651d6edf39ccaa
0x5822d64549c85560,0x041760c1c3a577a29041f147c758ebde
0x58e760bf8f3e64f0,0xdf61c53457d1d37cc7afae8fdfecb2ae
0x5961640123d8c480,0xeded54e339e6f58f7fdf22292ce42e41
0x59cbdf86676b9e50,0x2aca8ff863fdedb4431c327f6e15039a
0x5a3da367141b1a10,0xb1182d235bf806761f12a0e912011caa
0x5a5915c28d87b7e0,0x1f35740ecc2946f525bc36a32df19dfb
0x5a79b46a26b61b00,0x0fb2de1ea0b976c27db931ce05a0f421
0x5a9c60b533b887d0,0xbb1a48e250b91e51681e5658d813a70f
0x5aa970d9801abff0,0x175cf014b94f684927ba334f90be68d5
0x5abd752ea30047d0,0x91f2ad426965ff94e15b02b935331bc5
0x5ae5253066b48fc0,0x3a88a4ab78916712de5fe0ee80109500
0x5ba48aa0aab69410,0x4c1f59dff6b4160bd466c7725df5672b
0x5bc7fdeb31234ef0,0xdd138266d26d53961058fe8c1d7173e5
0x5bca47be429817c0,0xd69c91c278601602bb4a06cbe786ab37
0x5bd71dc6ea75e340,0xf902d6c05bf572794704768e6e927501
0x5c27761d4894d9f0,0xee8f0e0999755cb97c76a592a73e3f3b
0x5c63aa0f300ea020,0x4097c094933d7d62f4b119a0f277b8b7
0x5cae1234bb10d400,0xf2aaaaf0e8ebbae25bc1c77afa29fad9
0x5dde1a4b8de20f20,0x11e58c089e8be2457ad60b01efac7228
0x5e302bed15ade790,0x62e5b72606b9370b732f3e8b251bf764
0x5e349e311c675560,0x3e6fdeb29e76ef95c43eebcc6f69ed69
0x5e4af862156af450,0x42cb6d1dffc573d5fd0ba70e385af463
0x5e7f503c4b1347f0,0x9ad7558feecb325b064f768db080e003
0x5ea2fdfb8c33cf40,0xe9daa8edd161387f6b32976c4dd6862a
0x5ec17dbe176ea1b0,0x0950fd131db53334fb0323a1d576d415
0x5f2e9167713eceb0,0x2835bcdb2347b24fa0f9c0749177b6d4
0x5f58d5b56f790950,0x353545792da44da189b5b368df14c612
0x60252b8d2cd9f510,0xe891f80c970a06dcf444adae1d21ae7c
0x606d396e18867eb0,0x92ce51fd55ed602920283b567d00aff3
0x606e8502002f9cc0,0x8c5c192ff1c51dda282803705672ebc7
0x60c3746cbc6bf040,0x417358fdcfc30c954d42c15027836433
0x60e248c1af5f7bd0,0x405e342dfbe30bf988f1559e1f265d01
0x610097fb589c2590,0xc816c4aa618701e8699a723fa4b2f62c
0x61473a02cad928d0,0xc3007cb168f76fd638d34dd6c90f3f1a
0x61a53fdd1eda4200,0x23b870f377cb1a27974fdedc66b62087
0x61bafa39789c3c70,0x3d7439ee65141471ea951570399bcb79
0x6239f30a70525bb0,0x7ae398cf8ace37d3673ef518c6cbb179
0x62436476b9298df0,0x98369a99a5276546768ec1013ac2496e
0x6293798068795e60,0xe2cbef407b38a089fa4abdecc8a86e3a
0x62efeb3f2044eee0,0x07370a76cf8af92d5d73b293d2eaa2c7
0x62fda854775e0ec0,0x788c31f619faa06e0c0a59677579501a
0x634da412816a5ea0,0x86b0915a8880f9fd6282c33d3665b6a5
0x6369bae7fef89ac0,0x3306f416b09b81639ff67b314a15d941
0x637e0edc5b6e4ae0,0x27460f22403d1f83a859890cd670f668
0x638016f5d0fe4a50,0x54eefdba9a04bb70b33425baf3871cf4
0x63e766b702352cf0,0x9a979f42065a13d432e9933d649e0f3a
0x64032ee1e75711f0,0xab46afee8898a682e0968f2106e090ea
0x643580a06df5e2a0,0x4b9368d961880ea05e5ecd0a3cbafcaa
0x6463137f35b592e0,0xbca1e7cd98a98ba60a2581e9b83fb64a
0x646618914a3eacf0,0xefe1633cb87c6dd3bcee7fb1543c41b5
0x646e18a9c1f10110,0x6dca0f0aadc11d692762fbac29685a0e
0x64d06b24047595f0,0x89d78ab394be4e35a0e38dd6f7003585
0x64d63e97de6ff3f0,0x1b742111a032943c4ab878c73b342529
0x6544c97de0789f90,0x82ae752f2d4076bcf9cb2ee827be0381
0x65decf1a2d269040,0xa5160d17e71f767485883d4441b11180
0x65ff6adc41aef3f0,0xb5c03f6f94e4cc44e3fbdbda86ae9d5c
0x663e9868cc9bd780,0x465bb8d7f51994841a67b2f9c4fa5577
0x663eab2bc83235c0,0xb40eb501bb2c2c428f6dc11721eaa1fa
0x66b9b21b94291720,0x4c43745b80635ef2e53428bbb20ed719
0x66be149c55035130,0x6751d1a4ee08db6155d8e17fabaf9209
0x6757af74cefad840,0x2d5d2173e53b864be48f598442c9e740
0x677e03990c8dc790,0x8615ad73699303f1bde82282fc76ff58
0x679140e0b6fece90,0xabc2ded76bd8e65f72a2761a9ba66e98
0x6831dac80daa0340,0x73fa5ecd4cfec3f69f8ae5f5f4931c8c
0x68652c4da322e650,0xfbdc223305ad18a9e7d37bcc63f6ed2d
0x692a7bce1af55c20,0x674610eb8b279c29a274c0d7f4a5cc36
0x69946c6d3590a2e0,0x07117e78e70a26e9eb6b96ecea3a5bf3
0x69a0b95592ecd510,0xf685b1f354271488122594275aa27950
0x69ad4787dc0f71f0,0x51f0536cb205b5f7e0c05353a043c588
0x69f82b8b7dd5d970,0xf4159113cac4b9e6778d028ce45e95b9
0x6a2b32004c9a0ae0,0xe89dc8158f928dc519724ce31bd09448
0x6aeb5a328fad7250,0x1152797ec20166e3ca687a98f48ef9a8
0x6b19fe49367c2660,0xd91219b5ddf65a9e76feaca0cb2d5097
0x6b1a37c623ed6d70,0xbfc27f001875dc2afdfcbce0d6fdf516
0x6b4de9deec7b0090,0xa8294aabafaf2b68205bf9e7c42b43fa
0x6b58996c15d0db40,0xea8713d2a20847d854ed1b3b4f7070e6
0x6bc9e970c48ae370,0x64a2bc48f9fb4010dec772b7bb22fa31
0x6bfeef9d6cdd4970,0x97b4339215680254aae9052ff3187705
0x6c596216ae0fdbc0,0xade7cef37ed2ec2f856f3d95e0ae1a1b
0x6c953dddba85eee0,0x514f652fcb719e2f7be14cbd9b7f3e1b
0x6c968ec313626040,0x12ad7191a9400bdb88ae0b7658e3d282
0x6ca1250d842f9c60,0x4d628581ff6dc856c9e93ebecc0afa36
0x6ca992350989e9e0,0x4f73efb170dc9c84f56962c2706c360e
0x6cd888239993bdd0,0x67b113deedeeefbd673ce1e6fb9540e0
0x6cf1c5266a7b1450,0xcde7f7696d4d2b1ae524c559554829e5
0x6d0c62c3254bf7a0,0xec41e6f66c0be55c90e639e1e44fc3a9
0x6d6fee53ed1a4740,0x10c565d554059bed1fb861a396d53ecf
0x6da313e783e99730,0x627b585f1f2de2750cbdc014dbedb42e
0x6de0f539253a9740,0x6c908b5dc30fe1c334a7e4d1cf4d9f87
0x6e30d1ba4ed00810,0x2a51d1ea18eec8cc381dce2111124406
0x6e63ffa48d2ad970,0x44e1b08c69199a8aaea6231508ef444a
0x6e935faf9502e1d0,0x0654f465b311d9c41d86fd12c8359b91
0x6ef4d6b4424c2220,0xa6894303e807092d74ca0c564d390362
0x6f1bdd071aff71a0,0x62565a955487b5c3b7626f4975fd3537
0x6f1f7a150631d910,0x20025f82d5d0a12d17bcd32324b44126
0x6f2af3b21dd95d40,0xf64e8f4aef89c2e7aa1706669b6e83a9
0x6f84439262f9dbb0,0xac4ebce0a02a1b21a2a7d0fcc683ad33
0x6fa680100ddd49b0,0xa57949170806989a9abf3e69e5bcd7ed
0x6faefeda6b325d40,0x553a773aafb9f3a8e9e7e1ba916b51ee
0x6fb5545cd95cd1a0,0x1b067b10958620855d58707768fe8666
0x6fed6cc540b000a0,0x5b2d81ccc602bd20c1fa924ee1bccfb2
0x6fed86014d41c140,0x08633195e960a9f6b395bc690c377a52
0x705bacc2640ca200,0xd89331ac51497435a9c9a24efd723837
0x70c4340643db0230,0x830a2393604c83ca53b9a632f9675221
0x70c455a92a1bc110,0x6d3f4b37ed9081c110b2e6e5ec6e61bd
0x70f2297adceb2010,0xa867a0f0a8e6a772b9cde60cab1e6794
0x71347c313cf2d950,0xada375ee049167c9b5192f8e85f87f5c
0x714d85bde1976c10,0xa3289b58a62f45c2f0cc8eec3b3fd363
0x71545a137a1d5000,0x0ff18e0242af9fc385776e9add84f39e
0x7194a9f14114fa10,0x52403e1dbb8bb9ae57e061c60494305d
0x71cf539d2a1fff40,0x4201545f771a0a122a6c56cb2a630fd1
0x725b40ca2e001a70,0x5c567c5c09d230412c05fec343305aa1
0x72bbe7b392b95730,0x731c877ab6bca2a2be7929653c9a9236
0x732d6cfea681dd80,0x9dcc5998bc6b05350399a6c0653dab24
0x73581a8146743740,0xff0ac0f1a425799aa905d7507e1ea9c5
0x736243ad72fd5180,0x79dac846a63a98d1f116ffa533adf6e2
0x73de1a9e87f3aa20,0x567494dfc399daf6444ef491b3e1da11
0x73df770aad0cabf0,0x40fe81ecb259a6a0959199005e7cfaad
0x73ec1e79dd159d10,0x88c15972ec737312d0a58c1fdeaf5252
0x73ecaee9cd00f420,0xf31a595003fb48c018976794218a6b18
0x743397f1ad5b9bb0,0x845c21e7988d0e4a2266a107a408001f
0x743c7e9d2fdeb030,0xb51d70d8582dd9727a089ca81cc5a8a0
0x7448f798b50a6760,0xd36d8076998b1e1c9f81fca3ffb1c2c9
0x74b20954bc5115e0,0xd5b2fd55a89d831de6ad2510de7b2c42
0x752d67f6569a6d10,0x327bb556916263b72f1d4b70ba5a29ff
0x7532b6d7aa757aa0,0x94ed072c9e781e1a394fadcd5d1ee1f3
0x75b10f2f95099cd0,0xa8acc1eb6d49fc3c9837e3c9fe1c054a
0x75ef8aabb693f4e0,0x2b6b7b42295023267644d1839aabd22d
0x764ab5109acba580,0x45c596d442d01ba3a2652c9e89421c6d
0x76847398fabbc6b0,0x4bebcf4f2c94151d52fa3935ff283550
0x77183b112d130740,0xbcea20e0c497449db20fe04d1a4a17e1
0x77698480a0fdd910,0x421f4828902a94ca22a855589028ad86
0x77760e5d41800950,0x1b4c3736c314f367f98408a60ec003b6
0x77863fe5d675ebf0,0xe00111e5d29dc5dfcf1da1100cc36d8c
0x77cc7a7b4162ca20,0x651bf7182f571c547257d90043240b2d
0x78886792e1558ec0,0x21f943546776eb3783f07d7c43c5f2d3
0x78b61daf5afb9560,0x02969326fe2d9d1de377b008641659c0
0x79009c61a1d20eb0,0x7a0a02ba37cf80256a447a90be0a5a56
0x799d0336c1230910,0x36c55e3ba203b2916793f6a967ab4d37
0x79faf50122874010,0x8b1f11370ea255e08e50c79ac5826444
0x7abd224105c2b100,0xd55f0e0eef6be029bbef627fce91e0c9
0x7b33241efa2225d0,0x4502d7f854a1396ce9abfb0d9be57401
0x7c34e6ebaeaaec40,0x1598734a86c52c1b8923cba17874166b
0x7c6d07e32c8941b0,0xf0b0bed83f41b5b54b6250dae645eef2
0x7d161f29eb8f2050,0xade6c5e9b6e355f695bb440dc9cd4af9
0x7d7cb4ba8aaafcb0,0x9bcb160a3c0294d5cc49c10f1c23b220
0x7d7de1f57460d200,0x3725bd0c79c45c38b440ffe0413770e2
0x7e39fd94f850cbe0,0xb89b16254a8bdc5c78c65085119c21c4
0x7e43c0b7b3565e50,0x238b0af3cf0d39bb92a7d8b4bdd8c3c3
0x7e56ac3d10cc8710,0xd334886ff164f9d84312ece2dc2151e1
0x7e5b637dfa98c110,0x15eae9d21e3d59d070aaf52575e417dd
0x7f2062d42eccb980,0x09aaae6d74bc0560f1140c77c330c7ed
0x7f29e86c8a730ea0,0x63c2523d4b32bc8635d5870de79d1be2
0x7fa74d8aff88ec80,0x33b5b3cedfec4623ab899605a2939b3b
0x806094aa4037fff0,0x6b76911f7c8765b6b04a262049ab05a8
0x806dd8c51856d160,0xa1ddc5a325053d917eb78350cb110ef8
0x8091a21d6637c090,0x5084a40f3b8f5fc77c96eefa4fab2ad8
0x809e2109c7867a30,0x81d1bf066b8c66f28611f583b2d10e3d
0x80b2db0c6a2465c0,0x1f69cd4368bfbf7ed4dc2301882ab925
0x80ee526e0fa07a30,0x19d5f97098b33c6e0a14b90a7795e986
0x817131eb9766c140,0xf0c99beaa0a1f43f9638a3c7685e406b
0x8191cbeb175bf440,0xa8fcf210dac15a07047cd56efd6cc364
0x81bd53363bac2660,0x7add8fed0a02da60749d4601df983779
0x81eb88e5d549faa0,0x64e322cfa51de78b8d00b7b27d82fccf
0x820d15c66bd1f040,0x1b040be38f41d3e41eceb5e5801841f4
0x829fe7ba5d30db80,0x12b34a24667fceeb8889832c37773772
0x82e03b43dcd9c890,0xc9bad80d4ac0555b45ba13ab6f311406
0x835b8afb58c8ba80,0xda595d3ea0fe9e1b791018255057df41
0x8371eb470e1ee980,0x48d44211bb047d03b1f2dfcc5dcfcf61
0x838a325db4369150,0xfb813983106fa2ec4896c62cb397b350
0x840fbb0ba5e327a0,0x1480f037d39a4bb0d62b68d41880fa4b
0x84caa7c8a1595b40,0xe08c28eb3218efbf0dccbbedc0e0d55b
0x84cf74466b82e780,0xcfc250da838e0b04ec52cef13374263e
0x84e9b5ffe89a0060,0x09d31730f2ef2d45f86f1d33bfe19e5a
0x8506b30c2513be00,0x06ab5a91d83dd24bbcd8d4e4b8d056c1
0x852b29b5a779fe30,0xadd7ae79eb0f6c21e97780d1fcd2f001
0x852d858508df6b10,0x58ea0417393031a6c82a6c15d733f669
0x854ca8961aac3ca0,0x961139cfffbdfd47dc7972f0133894b3
0x855a7d8dd46e34a0,0x2ee66e2153fb2ed1b9534807300961c3
0x85940927468ff530,0x37176e84d977e9933c49d76fcfc6e625
0x85dc1819df6316b0,0xf95d793d51d670bd73f67b09368712c0
0x85e2b0787a3e9900,0xeef42592ec1c6fe4b2b5591a9d7f542b
0x85fa2d5cefe61710,0xa1ab17c0766229cc5af95c78247f4d97
0x860fbe0cb6870e20,0xb484db42e58000cf427585d8e5379893
0x861ff6a278c49990,0xbba9048abe7cbe1e8e4e707771e54207
0x863a5de90aea39e0,0xb72d9bb433f4d3e9e0db4322f8b8b8b5
0x863c6992116febe0,0x5a2bf7fe4d7e444990b6e394448236e9
0x863d18c9d60bd6f0,0xf061ae72228ac24d99ac7f9f2f7cf76a
0x86ae3731ba72ec80,0xcebd69bd777da5f9618a327d0534756e
0x86fadb0e89b1e0d0,0x579e9a46fd768f635163de1d8df7a267
0x8772c3475cba9be0,0xae2562ca28948b4cf0fcccc6fb46ed39
0x878b9f6b57a1cb70,0xebe2136898c752051e01a934402d0baf
0x87ab36ae85a53a40,0xdf29a50e133d9e6fd9d7b48a7cefa36f
0x881d0ee198082cf0,0x3567c813bd05bc2c5a505a9845c55e39
0x8884b81da7e15720,0x334f97a4ec8bd9786363a1f0fcfd3246
0x88d3281a1b4e1420,0x24eac3f40c78c2f9da418b24e0acf9ff
0x88e04d93dc5a7bc0,0xecba187c570ad5333cc312ae80678ee3
0x8a647b9fb52f6000,0xb44788bd5e2d2454e46232e735c3de95
0x8a68c17bc11e95c0,0x94b9c44097919d6b3656389d08cf9fa6
0x8ad6cc515f2e1040,0xc79385209c921e7f9aa1ecd6058fe8d5
0x8adab689e0dd0540,0xe6e4ac85f10185fd8f81598725394778
0x8b9d2bd6d88cf5b0,0xe23b0e070035d58bca6838d1cec5aed2
0x8c0f53727a03ee50,0xde74ae046c9ff1ec3c3163e18d40d542
0x8c3fa29ffa4b0bc0,0x0c661a4949954cf1faaf500ca74b3d20
0x8c498ceaa6a1e780,0x0a77e6a1dda6d27207a1cfb21b85e81d
0x8c733b789542bc50,0xf77b8c86ea3249e632ab7704d185cd3a
0x8cdc538931ffba90,0x9efb00b7a397b217851143e593aae480
0x8d1fd9b74d2b9de0,0x8c25166a1ff39849b4e1357d4a84eb03
0x8d56206d920c3de0,0x09ce15a8afd4fc7bef208346432fb308
0x8d5f52c083f0ba70,0x7ed61f4ee875176629530a1303927935
0x8e0179bff5f9faf0,0x0e7bdcaccf1d04cc8eb0f052f003abfe
0x8e6b81a3e9edc590,0xc0fa5031326e1983f6bd16ac4ab50701
0x8e83e494438fa430,0x1ef8021cbce9ff074ebb7bc5a9988bcc
0x8ec9ea986581f930,0x315e80807425f4e93891aef5ebe0572c
0x8ed2b26b1fda2e50,0x0008cccf565e5ae7ad82e067ab359414
0x8ee4fd021cb66f60,0xcbb02fe927649a62b02de52c9b050db2
0x8f0c417ab85f2ec0,0xe62a3fb58c46e2bc4f12b0d57028dab4
0x90916a5f97ad1730,0x815c77ed779571ddf67d231133a879fd
0x90b359d9ff0a8370,0xaaed8b5339175ae8c38efb8c15362c1f
0x90bfbabda5d649d0,0xfb6f6d2322ac9ff19641af55358db639
0x90da4776dbf9c500,0x7231468b4e3a408201e50dde46ca2ca5
0x90e494613dff3320,0x9ade0a942709483a176f9018b18646ce
0x90eee95136487b10,0xa9392defe7cc081690f089f30d1886c2
0x913e7095fff70690,0x74448cb3be767191ae1c384556768476
0x9157ccfe96042c20,0xc8d13ca07dc01482c8160df50957f0c1
0x91a029ccc1bbdab0,0xeaf9de49db8386fbcaebe9def988818c
0x91bacf80aaa07990,0x3acaaf82374a6cc9e0397e67926146de
0x91fd7d4a5a31a6a0,0x60c8e5a0d560e64c55f7792a739ac9e2
0x920fdf72c9f775c0,0x7aed04c4643d87ba18c2a569109d5b97
0x9224e27432476a20,0xefda59820148a3cfaaf35967ac527166
0x925f47cb396836c0,0x1c6d0e358a5082e214079f9eba95b4f6
0x9283fc7706155940,0xc14826b8ab2a7ee2dbdd3860c4cd6141
0x92a90fd2b0a35f70,0xa5dc21c9114acf8e89b58d29744d7325
0x931e0d80fc7eaeb0,0x5d81778a5ef70581af71f4aead1c4859
0x932b99a54a789a00,0x166fca8f91627297fdf3aecebd9a324e
0x93510969c2ebbad0,0x77fd7fd135cb60f26a75e179fd14f9d4
0x938dc1b92e352400,0x0e25d61b4694e1286a430fc7b8772d29
0x93a25c9b6e3a52d0,0xa45335cc137fcd2b76a933cf65fd5f69
0x93c3150d77c3f040,0x6b7b2370940ca324420a746ac7b2595e
0x93df0c5af3afc360,0x140895d0281bb255cfc76634cea323b4
0x940795d06bbb9610,0x211149a5faaad22c8c372aad84eefe22
0x94334bb0103ba900,0xe95361bfee628c9a211acf9ea2d9281b
0x94d50a99eba08420,0xff7acd86409b3c5bd5e8b89c11ab249d
0x951a051847e77e20,0x501049e2f367dbe240e3469f39b66d71
0x952dea7394f6ca70,0x189798129ee3efdba012368c8f40f920
0x953f2ad962e5d7a0,0x98ad235474c78b15aa8c4f547ad4f768
0x955e988df24bfd70,0x8a8bc03efafd02b84b990ee7f6714d76
0x956c2129b9347180,0xa2698c2d614f1ddc4bc972ce531da6ac
0x95999d257b4b57f0,0x3b3ec678559a5f6d43f75e7356a62bec
0x95f9d782bcb43dc0,0xcb0206728fff6a1ab3e52b1541c14dc0
0x95fc7389ccd66750,0x8f4ed44214aaaefe153251c9d020baee
0x9602634b08453d30,0xc2967bdf54f2206044672c65d1e0a50e
0x962488052305e6d0,0x0876daaa01ce5fc632d116fe8f08963c
0x96625aa1056b5650,0x2bdc9c10636241c3eb6ec9e0225f5457
0x96ab64d235128900,0x16db36e4d4ae34862b194984f49eb5a6
0x971c702d5bf49c00,0xda90f534a23d4c9de456697cf2686baa
0x97ac762e842f9da0,0xd7fa528cd55fc34ceb5ea9c3f9d9c6eb
0x98a33736fd1ac7c0,0x905c053b25fdacbe7ce71b48fba52e59
0x98a6416d17753360,0x935ddd725129fb7c6288e1a5cc457821
0x992a34a1084fa810,0x52ebdac5a145789921f8c1569e0df45b
0x99691df6be961830,0x6c6a88bad3f1e7dfa84cd94a656f075e
0x996d66423cf87ff0,0x257ea412a21574899fbd4b9f56756682
0x99b87f5c0aa1ee60,0xd6659f3a9708539e176f1bd98f43392b
0x9a1ab3579d6c84a0,0xce4f1ca0571aa4f640a210150a40a379
0x9a5413ddcb345f20,0xe25cf3afdac79c048b8b435c05a273a1
0x9a553472a15b74a0,0x586a730259cd83d907647513c9e6e630
0x9a9c1d73f173d2f0,0xfd577ceaa623c2783a94f14b08302ee6
0x9aca0c4ad24e3100,0x3309a536e998952cef58951f9b1ae019
0x9aeebe004cfbe8d0,0x0d1b85c99427ad92882debdef346832e
0x9af1e66f890974e0,0x7c4302c35bbbd4194bc3915a2539ed26
0x9b3a0c891a32e140,0x51abf5e5cb775e2415eb3a3de2014a45
0x9b566e06cc800b00,0xe3cc4a042c071e2754536cba289f88b4
0x9b5815304c3e4ef0,0x71d6ec10cceeba877d3c106227d20e84
0x9b9a9bf50a784910,0xf4105d94c689f37bf94523fe03cb8f1e
0x9bb3aa4c5147a3f0,0xff9e16ef3a0b9373567ffb07cbc96874
0x9bb68cd268adc280,0xb5481bf2702cebbe3544f189a9204633
0x9bbd750d1e707c50,0x4d6b234fdfa7c6ed32d1f81ba636425c
0x9bcaa8e0419ed400,0x097482168ca5773131243f80cfedf631
0x9bd91220338f4ac0,0x5931c9b4706146ffbecba4c8b2c92c12
0x9c14c815d24f8f40,0x488d6a212415f2a37bef34f04fc3489b
0x9c99373515a652a0,0x1d5a474ccda840fd4adb0798039d60ba
0x9cdf5a865306f3f0,0xa1515607964a870c7c879b741d878f9f
0x9cea9a22adb5e100,0xc8dbee0e9ee73bcdcd5b1c19e09be0da
0x9d41a10b16b3d170,0x5edd9aae7f104dcfd39dd7ca1fde56c1
0x9d683a9e1e651ac0,0x2c2df3c219518f87b63f83c6c89309e9
0x9d930454e6219ba0,0x7dba43cf43b1aaafb1d1958c4b69ba53
0x9dbff93fbc031020,0x22e7ee5914147ca83455f1f64574a37e
0x9dd3d9c38b754710,0x3eef04eb0f98d8a5bd90a53d49e78dcc
0x9de8ddf4a4b10a70,0x8354e04f374049d33a4bcaab8659cf43
0x9e54afa6a3286520,0x16bb04c18da28b08d71080d93bbd199b
0x9f1be6351d507230,0x190be786fe27a780f7b2b3d74873d80b
0x9f2a5843af335720,0x321a11284586ce142e215337eab5f50a
0x9fee75fe4741fb10,0xbf9d32abf28cd582af5c0b9ceaaf74b3
0xa013e55e3cd2aad0,0x94c7cd9ad28d65a1adc786e71f3994bc
0xa0b87e455abec110,0xbb1d867704e6748a7f3ab7dcb3390a6e
0xa0f5ce0737b53aa0,0xbc119018d960cb17b6455b67c506719f
0xa15e67ce1cafe030,0xa66ef62ff1474a9ad0bd0edabc2d8aa6
0xa1bfefca8f6262d0,0xb051460d9f78e41ee237056f714bb95e
0xa1fa46f346685cd0,0x2911cf3036bc626861af473df106892b
0xa221c908a4edeef0,0x054efa504962073ba0f9986ab2363b7e
0xa225183835e13920,0xab341860fefd320bf5efaa99010f5ddf
0xa281becd30844860,0xb0bd6bddabbf9e6d9e19e1881da11d7a
0xa28f5ab01fdb8b30,0x9371a71fd480865f9b38fe803042e325
0xa31559405e879050,0x605dd4d60ecfb95b877a2133f2ed33e1
0xa31cc5d2cd96a6a0,0x8aae0c3ad31224e0bebbe60d3085ee6d
0xa325872d361fbb00,0xc42d4bd6e6c653b1d113df738526a82a
0xa34ac29a3f2c1560,0x9ec8c47825a65b8f44f773bc131e1e35
0xa358cb1dbe3feaf0,0x9c5c11eb3baa17f92c623ac3ad7027cf
0xa3c9c8d76ceb1860,0x6bc1e83d96c9b54e02246f10ce65b211
0xa3d56b4dc5c22c00,0xd7a750e83b38d6d08870582ade8204b8
0xa40aaab86ea4e390,0x199459c40995e98cc82dd85819f8b828
0xa41865bf350d2780,0xcc249558f2ad985fff3e0ba10ac728b4
0xa4545742d6591820,0x6685b54ed17d4cc0e8bb1f2998d38b06
0xa478856a52a068f0,0x0a813be624f1b0a6670645a88e106701
0xa486998f52d51d80,0x9f34cc10796999735f4ff9e105f1fc0a
0xa56a4a75eff20910,0x33f78404808b20f6f281e24c8384841d
0xa5b91ee8c77f0b60,0xa4f0d9c298856c7f3475a526b2b4c281
0xa5dc7c7bcfa88590,0xa78c1cdaa78388373c74dbc2c504644f
0xa5e3a7196bf52df0,0x25e4979d6f6ddf79affe2554e5aef699
0xa6245b598c94af90,0xc88e03b662276cbc31e9ca8058bf3b9e
0xa627e31d71f5df20,0xcd037e583ca581624509a7a7a2bc5350
0xa640ca97fc88e170,0xadb3a8a79e9e44c587b8d77ef3971943
0xa7502a812227d960,0xa51ad4f3a699bae0d138d1508557716a
0xa76293862ac98390,0x664332af858a133b025c922edc3f0480
0xa7c5cb879b8b71a0,0xe7180322a4e695c9b65d12267e969cf3
0xa7f5195cde62d430,0x8147a8f45f0ef320f7f60e7f75f2bc20
0xa7f83cd9bb2332d0,0x0947bf82b8ed3aa4681be70bc2e4dc34
0xa812c4d0eae12800,0x52d1de24bf3ba58ed02fe51359eea30b
0xa89f591690ec8370,0x6e797a9218b7f1a2f74f190559c07423
0xa8aa7d13c5a918d0,0x92bba7013503c56e61002dbd22ca9fe8
0xa8adc7e35bb0ecd0,0x4f6d4f0130dc2737db8076187608c47a
0xa91c52198649a760,0x48eefe6694bdaefdd3a11030c64775d5
0xa9498f966ba714d0,0x93625c7f1c71b0afee9f143dfe729797
0xa9b8204cfc694280,0x4bc61ffdc61053ed451b1c8ce0c012d2
0xaa88496556547b40,0x44a1d4d0d6dffc21b1c2ed561ae3237f
0xaabaa3a803c92ea0,0x9d592226302d6194ee550e17de5dd6f9
0xaac411580716e1d0,0x13e14526d2e922b3e80a2294f3cfeea6
0xabe04a6109ca5740,0xb5743132ef3822707072aa5118cb4e11
0xabecfc0b581ba300,0x5b3a4595045892c14e0e15d3298e9a79
0xac33f6444053b180,0x4fee71444d236555bc5074acbaa172ac
0xac606a5d49dd3b00,0xacb14314662a7671276d105c7c30634a
0xac73189c6fdc5e00,0x05dd1ef0080638c9496749fbb2e02961
0xac98a368dfc8b870,0xaf3cb9d0a92c3c3e3957f0829c272c51
0xad0d15252aa092a0,0x3b036dfd6b46214c5df56b6f1a6eb238
0xad7b787f3efde140,0x834d88db7e10fabc6a4a7f7008415966
0xad83095163eaa000,0x312a4c3c7f00625769560c063008a519
0xad9d81e70685e760,0x4002f669f7a2b187758eff25033f692f
0xadc0fcdf7e297810,0x88953e23f2c1c87d63d80690cf4d5d14
0xade9b2b4efdd35f0,0x9edfa3da6cf55b158b53031d05d51433
0xae433b71b8ecfe80,0xce307195a2fb2221dcb47e14bbda98aa
0xaf56d7ba6f086f60,0xb58e2a1ccdf53f9b4102364b1c0989b1
0xafb918c86e5bac20,0xeb5616997f22cd1207b6e08e6ac1ca75
0xafe3e7eaede879c0,0x0d5e1bd98d8320312c2747c0ff52f3ab
0xb050eb01a22fc810,0xa9c7ae92e61b4dc67e525e4f9e203161
0xb0ea0c7c64d13770,0x10fcdf7c754efc5da8ca0941ef28c051
0xb187594d577b1f90,0x74d43d6d628f2a7a27503d1e1756e0d4
0xb29a8b06daf66c50,0x92e8e269d12ecbc40b9475b138018b47
0xb2d650af313b32b0,0x391cf0463d4a5d5128fafd04559b5975
0xb2db458cc4fc4cd0,0x9de1a139ed01d648fcc597637f449ece
0xb318ad4c1db2b450,0x4d4985dc09aedbd06d316b4a7f6b8793
0xb378e45d102bcf10,0x918b55fde8968a9f2884eee7eec6c987
0xb3ab1b2cdf26f510,0xa985ab61c5adf6816b10e53a9145de05
0xb413420866dfeb10,0xc90ded295100f186d25ab04930e9be17
0xb475e15e162d5c70,0x48d002bec061c99b831a352ade6c8762
0xb4a1ca795718ada0,0x51797350e6256403bf3df0bbf66ac168
0xb4d9380be3210950,0x95dc506c99d8adafccde7b53f5111f71
0xb4fb6afab56036e0,0xa85536f31bf8fbebd06e62e6dc5a2a83
0xb5178761d61a43f0,0xb19549902d5c6415fedcb8f9378b094c
0xb59eeb71575505b0,0xfdeb26efcced6bffb92f5f3d86634e4a
0xb5e5f25ddefa3510,0x9d4fbe486769d8773ab2107c9d02e44c
0xb5eca796dc5f3db0,0x1615975596df541fcdd592a0aeff988b
0xb5ed09cc83204460,0x969a2550fdb9def338428c7a570e3fe6
0xb68c76f809844470,0x2913689eda09fb602d27dd7686e0c466
0xb720fabacc5d5cd0,0x8a6993de7e10b8849271c5463db11d61
0xb759f3ec13843900,0xbe3bcc6457446b2dddb3d8ee6f8b6cbe
0xb76db463b9f15b70,0xf85cfc9ecf130e07331fcd7247f559ef
0xb7ed75b463d0fcc0,0x261cec19fff83cec2c05b870cd34bcd7
0xb8163f1a16770130,0xf0e51f30abfa4f2cb188604884ddf869
0xb8577478ac825810,0x5a7583c0e02a35e9ae6b4c8e88644581
0xb894cf22c2dc9450,0x2c7bf1997100065778edd1c6e98114a4
0xb8bc6621f2d7fe50,0xaa099a46f25a3c68e8ef99e97afc50cd
0xb931a26d726e8010,0x67a4eb268d6e44f20189a5d9e355c369
0xb99e1a815eca6f10,0xd8f5817f85bdca63a100ba8f51827e3f
0xb9e8e4ee8b7f6d70,0x2728ec952b52dab12367ad9e8dcd7d64
0xba71d93589d9a400,0x1eb6217876cf14a27d90d1f86ca1c7a8
0xba9d82b8afbae6c0,0x6cff30a0c3ac232caf405e52199a1949
0xbabd4745497e9f10,0xf11ddff70e3705265582a3bdd476fe38
0xbad640fb19488de0,0xaf19922ad9b8a714e61a441c12e0c8b2
0xbb2b26f3ed6d3a60,0xcb691e67927b9b5a067988f6c078dac2
0xbb5f15c1b0445eb0,0x15db4487603803f32b2bcfda9d4319b5
0xbba6ad3cd094d2a0,0x4e25a42bcc4589b5bbd4b4ed48674c9b
0xbc896faf4cf46270,0x1ac5c43bf7dd3c21e618d25d15f82b2f
0xbcbe9a42f89d3fd0,0xacc512df3ac49efa5be12d09908e0372
0xbcdd6c4f71ca5810,0x688a1c8181cd34bba115a910b92ff26b
0xbd2098c6c2de5950,0xff741d1ca8936bd386a29efb7af0cf69
0xbd45242f6db6cc90,0xedb52ad7db3d977bd3d69412bd60bb3e
0xbd8744d801a50ef0,0x25365ca8d66a45e952c51809d20eab0e
0xbdb5ff1d2141b400,0x192489473b6b8130f6874f7a36834a01
0xbe0d894c52f29d20,0xb75d980a8ed20f4cfc34ed2873e42678
0xbe169d6bf290d830,0x1a0408e7cbabe5d7228c77158f8ac4cd
0xbe80793eb0f1bb10,0xf31e24486323c57fa197b954b2835498
0xbe85039460fc74e0,0x7c11379776bfaa9b641d257116d91fc5
0xbec60ffe248f4a20,0x9f032cdce32866d30d6a78b07eda9ab9
0xbef874d76251d740,0x3a724b9f56fb5c72ed6a1bfc81be81f4
0xbefa60afb0a09580,0xa1550300e07d5b150390206adf116459
0xbf1df6871a1ec040,0xdf0d6301488cac4e5a9414b840aaec7a
0xbf33551df6292530,0x65578e91bee5f64d3e37355efbdc678a
0xbf64c7ddda77a750,0xd370bdf9d85d37fe4d5866cee64f0edb
0xbf9cc545635518f0,0x14aa451ca69cfb85d432f8db6a174c1c
0xbfad2f174f646b90,0xaa7b6d64844ea6df1c34198a766c7fca
0xc0038e5a4c8349b0,0xaeb5964415d51b4992a97177785ecebc
0xc09fcd8f739cd480,0x7f411fed1e70e79933a1d1c2ad4ab155
0xc0ca12168b088a20,0x7431987730814e4de40f2900db9029bf
0xc0ff34b4e4bd7d50,0x1fe32b5669f5a74186861f295cb76bb9
0xc12ea9b8e7e13ed0,0xe6b106e289110af04a276dda34c3494a
0xc1308a09cddd03b0,0x832e9e1e1b908d6de5e6190b28da2b89
0xc1378be5b7a28e00,0xacfebb4bd29e8693faf1501b009a815b
0xc15dfcfcb3254420,0xb0bf7f14b6d066f27d8745669a0a80be
0xc15f47ca204e6810,0x14e153ca45568d6dbdc5a588d0ab9ea4
0xc167733f9a9e4310,0x7e9cf84f09f6048fe245a4600004884c
0xc17fe224820df530,0xd561d047914d277e4ff0f84c38137f83
0xc1afb76b84733c80,0xe9492308c710fab3881f93bde669d6b6
0xc1b199c45f1ff970,0xca20854d5b471c437499b28c30c32323
0xc1d7fbe99df497f0,0xbeb9c9e2156e3ae54fe4b7355c29b6da
0xc1e75ade858e8df0,0x911dc9fc92162634754151b00cdff20e
0xc2185e77dc58ea60,0xef96a21449b3fe663b4c0730253df737
0xc21d3ead3e4c1360,0xd5511e14e18d99ce20fa5cd38f5a5ade
0xc22544840c445960,0xe51583772d661445bb61ef9d3ad12632
0xc2953f517f67ee10,0xc3121af68b32992a3b7c1f9af5feba5e
0xc2c49a972e6f1660,0x55b1f1c6059251e1de0a09a6a886e763
0xc31d5a973d792fa0,0x9c31d9b25a2b745b7b59051bf40048d7
0xc37418f239499360,0x9a614ac871a953e291f1955c98e19c4a
0xc399fd7fb75db710,0xd2e1ed4dbad4c2880bf56ed8b93c2989
0xc3e3187bdfaec0a0,0x6f1ad17127ca44921e51f22aff893bcf
0xc3e6652c0f5270a0,0x4b3099ecd4364172b60b7264a69cfd32
0xc4545268acc08d90,0xa3073280dd3a30f824ee198edf302d42
0xc48418135eabd8f0,0xdd59195f39745c90aaf5cc090de68b59
0xc4841a8d2f751bd0,0x3f7a27482cbb93c26e84f8ea6bf4d047
0xc487af5d9100c4c0,0x7493bdb1571953439cc29d6ff6e3a394
0xc53b67766c58d6d0,0x0bf1c03817737931a6e49e29f7d3664b
0xc5483917729730a0,0x5fb2e686cbee3f1d5fc9707214b64d4f
0xc5507d2b909e7f70,0x956a2f20ee283bb72982100c03729e33
0xc57842a9934c4720,0x437249fd17ee2fe6681091fe0a5a0322
0xc65937dec2f99bf0,0x5b786208a04777d10efa49d4610153bd
0xc6950d85e31b3280,0xa6db74d1a748687529bdf6043ed27848
0xc6d82ceba1acdd40,0x9f3bca7782a91237490c3127c5731c99
0xc6d8de017582e3a0,0x400a06e95ab8a31b7a60689a05dde624
0xc6f1c3ad9b86d800,0xd2197d9333a70c3d1da5a563a939e190
0xc7361a75c61b2c70,0xa3b4e52902a007fce04ee43c11f63e9b
0xc73cab38250d0c90,0x5c724d49e375d8af7b50c356b081690a
0xc781e11f2cb38560,0xae09ccfba3dee81f28b299bcebbe1a41
0xc8614c36b9167510,0x10ff4de8e6ff73b5b36cddb8beabdee5
0xc8649f787eaf1670,0xfccae6b86e56627499c7abea6756264d
0xc8a70639eb1167b0,0x7a024204f7c1bd874da5e709d4713d60
0xc915d113dc454880,0xc838a14509c67417306aa871feef71cb
0xc97be2af0c10ef00,0xf60ce881c5ac7520cd4668fef2b72bd2
0xc98b16e9b6f891e0,0x1a0bcd0f827589eaf60ea0333716a073
0xc9fe60368a83efc0,0xc707e77b4bf0ae53b6088c973380dcfc
0xca6ef7ce74db99f0,0xb1e186d7df254e5dbefa9c478dd6650f
0xca819c6fd8722980,0x961d8dcf9b8086da63794035f8e45086
0xcabf5c57c5795b50,0x2fa0823a5d1a74c36b35da2c04465ea7
0xcac385bb71f70880,0x994269b4dd60375aa585cd1160fcf5da
0xcae1367a579e9b00,0x930985493ff0e57901c3df9183278f64
0xcb6053bd0aa4e720,0xf23d934c29a20bc4ef59b50288a6966c
0xcb830bae3db92370,0xee526cf5ced15cd37641cd98d78f94a7
0xcba1527dad7114d0,0x4019dbe7285ad01a0d0fbbe96b7d2713
0xcbf1f93ca1d33770,0xc1378e75627b9de79ae445e08b1dc2f8
0xcbf8e26a4fae6670,0x99b702a20d5f024ae963544a63b74101
0xcc2fce640b31ec70,0x6237e31e64b57def209ae9d11744bed8
0xcc869dea38a7ac50,0x2fb0107425323fd3c9f35bf84d03cbdd
0xcca5a5a19e4d6e30,0x88561712e8e5216afcbd04c340212ef7
0xcccb4dfbb0a1baa0,0x2d71602397ec1a4076ad98ba10fb5581
0xccd9f2af339c5a70,0xb56b9357b34dc8b053f3c15842ce91c0
0xccfcd7467a440b30,0x44c0a5ed6d2db46a5bb955f9315745cc
0xcd84344baef472a0,0xb9c3a78fc8d3aceed370c51fd8e2ba4c
0xcdc39412d95e17e0,0x07db34e02e4025346987b05274219d3e
0xce0db34030cc0680,0x9a4ac3d928e4f627ab48e29773e46350
0xce6249392f5d5c60,0x9b6f338a0665be98c138418d964ede98
0xce749e8af4e16800,0xc9a57cd1be28e8c52b395c4ee575ae93
0xceb092207984f330,0x6199401535c9599f6f9179cf00183cfe
0xced4dd7cb4ca0140,0x3d0daad007d5e121623a35ae7a31a27c
0xcf085288f0041e30,0x59581c9454f5edf7e9bf79f4b3739067
0xcf186b915466acc0,0x4deaa29bdebec7588431e88c4427635e
0xcf31d2c4125b65b0,0x5ce5adf75264c9a6770922932308b506
0xcf5e9ea362584ab0,0xa417956f29ee7f3d0ff030b86238d0a0
0xcfc80b4ecab68ee0,0xdb3d663628e1a8afa02255129ed03a7e
0xcfd2f1c1746e80c0,0x483b995a9c834a7cb990c977f4235c2c
0xcfd645605c05c1f0,0xdd332379a88f58c1237d7b90181a218e
0xcff0c8ac3d1cd680,0xb5a3cece28cdc38a85b303d3756b6c0d
0xd03e6d922b243c50,0x1cc39cbd3e078fa717c98c2e151a3787
0xd042c1c8490004e0,0x420fedb80ae9e2e6adaa21cab19b701b
0xd09e1abb976ae5f0,0xe79d4d5fab6fc9e7be72544851b5ab77
0xd0cf422e9f890d00,0xb75107eb2cb7a2d2551a6cad18e8dd41
0xd1bfbabaa9089230,0xb4d56ffcdf4a518a4ef0ba9b53fd2516
0xd1bfe2265a110910,0x34f956f1f780e7d069fd6b99260098e5
0xd1dda6568590a110,0xfdab0bc2654075adbace4b0898989ade
0xd1de4fa8a1c56340,0x645cc176b3f175d015c7a82023f3e5ae
0xd22428c03bc3f210,0x4b3d1b2a770bd8a791fd78156e3f32e8
0xd260a30d2edc5fd0,0x11b2332ee0934e387f42af90e412eb0b
0xd2928f4be1514a00,0x5ac5f4f0771ec087952b1ee109d5b64f
0xd2bddb3b649ec500,0xdbb59fc25cffc96ebd03c81f7ff35029
0xd2d567361d176680,0x274e7c9afcbbb96c18edf59ebba0da15
0xd3100ac519322630,0xf5d6147620f12d46e775f27e2ec012f0
0xd3861b58194665d0,0xe25e651269fcbef0275f275cc3f3f74d
0xd3d779d524301b80,0x58d776da0f013f4e73961f8efaa83536
0xd3fbf47a7e5b1e70,0xbaf3897a3e70f16a55485822de1b372a
0xd4062cce773a13f0,0x46ddb0ac20e30a4dfbcefcd05050f32c
0xd4814f7f3022b8f0,0x27c4bf8d599490667d4165889a347cda
0xd4ed425fb462d9d0,0x60e63d0e8f8b36e406fa11b492294b0b
0xd4f0d65dbd6817b0,0x84a5b1c31095e4973d798f0be6cd3595
0xd5bd5a0b2a6c0aa0,0xdc3c6bbb1c28d995a180b1c237569b04
0xd5cf2dc4eb1c3ba0,0x0dd35d11688181a813d1ea49ed469bf4
0xd71037d1b83e90e0,0xc8f8e3d0d3290a4cb5d32b1666194cb1
0xd741d609564ae900,0x57f98d1ecff4c56bf9ea2c64cc417e7c
0xd7461872ace14680,0x4d26c0c52ba08a2499ccda394bdc511a
0xd7cbd7ff9c7d7100,0x31d4f7df847eabd3be5c193391a69f34
0xd81580dc24d878a0,0x2c481f988ce67bdc41b72448c2862234
0xd82677a14b5f0fc0,0xc76f98aeedf3d0246f88c633ab07fbb6
0xd8a1a54654a60870,0x95be263b0253dc8cd1f0c570bf5545ce
0xd9073286329cd430,0x9f13d2fbe583847f852d2ee50061fd30
0xdb0dff111a6c3c20,0xf17a7c84cb3d7ee7fa9f941a41a064be
0xdb160641207417e0,0xe62ce6a302fbad7c88662aba16018cc6
0xdb2101c55551d5e0,0x3070e155006287fadd330a90c317310d
0xdb66bfda2df96740,0x4d7bd307122411e6ba8982dd85e69ea9
0xdb690711cb1dad00,0x5ae4425743a9da5b546e8226604ff4fe
0xdba45b5e14986650,0x66e51767dcb32e4a891dfa7b0d3dc6aa
0xdc016a1ee64c8980,0x23c619456cdb4ae7550a89dbb99cf8da
0xdc0520a487ba3b90,0xc31277fdeb83af16e404d8083fc18c00
0xdc4133147f1fe650,0xa3328206f963aee196f9012957edb96b
0xdc66a27b6a325330,0x226962278513d91e48622a674a294067
0xdc68d4fd0bd76960,0x64d027590542bd7599e8c82821da132c
0xdcade3bff755b460,0x6246ce0a0e9920ec5c273f31551a9eb6
0xdcd29168d5475c90,0x624aff3db8d08f28bc509aeb63d85381
0xdcfbde0ac5fee480,0x57ac59f22887a3a9e63317c3430342c7
0xdd0d8085fa846790,0xad8c71a6f3c402c506af1de6503b4bfa
0xdd5eb2d165180200,0xac331b9243189f26e9b74954a41a5d31
0xdd82ab3e28685bd0,0xfdcb8a6e9265da012aad065900ac317a
0xde2b508293423650,0x20309b59b7d3589c3a51b13b63d45aa3
0xde6fec4b843b2a70,0x399f8a8f10fc9eee0a1727f7ea5f24b6
0xded1b80232e97760,0x89aeb61659f88a690466ed6b96bad500
0xdf84f6fb358a4930,0x28c04ddbcc9546b397cd20ac93b21689
0xdf9e407af3531a50,0x352f034103faa677b1a8e5c62c075d2c
0xdfc8ed58e483d390,0x9cdd3eaa7838fd16ac709e3dd2c49b21
0xdfe20e4081f4b820,0xcde65b43850c2e3002c89ab1bd5c59e0
0xe01bbf50b5d97ef0,0x6a1689addfe1b30791725f0aac7c8803
0xe03cc361214e10e0,0xc9d9db157efa4e9942045f8c3a72a669
0xe0df7f74efe78b60,0x53b53b92a2cb5f388d9ecfb9f5492e22
0xe15093b0a07aeb80,0x992e7dea037432634a0609aa827acd0d
0xe166c6aba8f614b0,0x6264190f486c0adf5bf26ec8c814ed3c
0xe19dad4655cc0b00,0x0a94891e357245f9173235659dc257bd
0xe1abfa8b5fde5160,0x42f378f27612c7e8924dbea9ab616040
0xe2a01335a83023a0,0x4d6cd7822e9583eabda17da2000fc63d
0xe2ccddd8567fec50,0x69f12ccd0b4cba0a317eeb1d9b83acd5
0xe2cd159aebba80d0,0xa4a98266d3d6362b06999e1e2b02237e
0xe2cd813001e1dd80,0x6a37285102c1f0b0bce7774272280d9a
0xe30d04fdb58c1e90,0x33d4a0965b7801ea86343347daa6b26a
0xe3352f8b11d56ac0,0x86901942366e3cca8c479390d41cc2bc
0xe34d17ba5805ab30,0x267739f7fe90db0bce796b42b973d795
0xe3531771ba254530,0x2360db821a143f918a34065b2b058a0e
0xe3e70682c2094ca0,0xf728b4fa42485e3a0a5d2f346baa9455
0xe45d8903679bcce0,0xfc2cd5c7d5562dabf4a9b4e3fa4f4535
0xe4600a02c5acc610,0xec1ac8a3ed51fa2bf13a2ff393658891
0xe47516941d8ac1a0,0x7b0f78c1b8f35c26d13ec39c5cb6f1f0
0xe4ad24e2824d9e90,0x74747f6f2dbdb6e57844c2ac729bd820
0xe4b8298798ba0f00,0x346d2b7e00d3d1af353e0c8624aeba79
0xe4bacd7874aba9f0,0x85a1282a0761585b4168705a533c9a31
0xe4f440284f4f2f70,0x94ad651639e72e2acabfcd948beace4d
0xe55b88fff0862960,0xe83f32782c7029019e3f4f152f5c5cbe
0xe56a3078cf7d5110,0x969d78309b08492ec413e9ba28db5021
0xe5bc560fde22aff0,0x55e0637c7d490adf234877e301d04d0f
0xe6802d8506b91210,0x6bb639cd1b2d8cd061c96b448e4924b8
0xe689e5e887c47eb0,0xfa3222c4780afabf8cea309b49c94aa5
0xe6df12ce9aa909f0,0xac1d02e8417df4f8c1a7de009ec12fa2
0xe781c71bfd629110,0xa7806577d864fd60f863fe14b7b52ef6
0xe79c72f8f42fc920,0x5048b85ac544b042c9e6358375273ef4
0xe7a2d2d0ca3c4050,0x697b85380ff73f2533251c76d8efb5c9
0xe7b15c59cf1b0e90,0x21bf4a301c7db21ecfa243f774a44022
0xe7bf9a9664849eb0,0xc3c5707dfe292238fbfbe6022011bc8a
0xe80bb7eba49999c0,0x8b3e00e76151787e4f027fe87d5d9031
0xe80d240312f378a0,0x664ceba8a4efedef24cb0b4e3825a7e1
0xe8497caa531bbb00,0x06d341c5ceb885eb6a02bac127bcb21a
0xe87a1613e443df70,0x4826867323a7711a8133287637ebdcd9
0xe97a194e6ef93740,0xc1c7f10be0467889390b72fad8821713
0xe994f3e68fc4edd0,0xcc68fd3f9d37da5ca2fc7fe3696100ac
0xe9b4cbf6f1843d70,0x9e293bd91ae3b6381c723c20b6997df2
0xea264afbbd3ee930,0x4b8ff2b49ddd6df0329b638600bc698b
0xea31e67ae1680200,0x63e8695158b5f05260e9bd79fe1c51e5
0xea727bf4202aae60,0x197aef976f283a3270a22d8ec3c02b36
0xea83986171027b00,0xefd9373e6c7f40f88946352dd9535d1d
0xea8fd23d0dbc3210,0x1638325ccd6665d8edf2a72060032713
0xea9e062a9b89bf00,0xdec22e0cd4cd82fa2adfd824edaeec39
0xeac1c14f30e9c5c0,0xcda8056c3d15eef738c1962e9148624f
0xeb0b5d4a7baaa170,0x666f6fa04289e5b6e9f1c34d9ad02d70
0xeb5d11e8b6d28ba0,0xc46cecaafdb61e50e4e7f883f9576ac4
0xeb8313a85b53cd40,0xe9afa68277c96139e1b9f50e216d9a63
0xebd1dbf8c0a562e0,0x5a0b37e8769f513a6b223250fb2d35f7
0xebde3e110ec5c620,0x1ea70756a1d577a426b4a0a71cf0589d
0xebe7ef9190920b60,0x63eaa07ff436498e68afe2b81f626a97
0xec2074955c5b6d40,0xd02a862b64d2a3184388938a82bca728
0xec77cfc8b38e5ad0,0x5c66a9bb62574c5a903374bfc81236e6
0xec95d90f3c535a60,0x2bd091e2f944b930bc3dc746a842d78e
0xeca9451844587bb0,0x92938a3ff3c09c1aa943ccd279347cd6
0xecb3077a6cef5e50,0x495103edfd05a5f5a2521f50a54e6c8f
0xecb501ee2d8cf7e0,0xcadf4be2468f63654405962bb016ddda
0xed38505b5e8a5110,0xa24921ff8616ba88d296e670f35fda3e
0xed7a6edf6d5b7d50,0x9ed9c1241a895c62990e8f01dd5aacc7
0xed9a189a50852f40,0xf1ff06dcf45aa79bd855fb35d763b159
0xee68e406c7844990,0x1fb99669a416c71df64d977c20a4ef0e
0xee874f00de906480,0x81992dc5d7488a7680aaf97e454b57c1
0xeeb3462ca0321490,0x16f14aad7f107645094c0230e3b4df81
0xeed1536858116720,0xedfda2912fdb5c0dbe4a565e3e581dd5
0xeee05fb7d2d68400,0xd0d65fdd176b21014fe5143bbae8d99f
0xeef671391ccdd340,0xa0ec3e5a24878d19586d7f415e47c2a0
0xeef7133aa6728c50,0x39fa33cd035e4eb93e41ca28a0c7bb90
0xef2d9a38e6e4b8d0,0xe6ac9d8a4160ff927c7550f20a3c2c6f
0xef6ed981be23bd20,0x62a77dc7b27338fcdfa69923b334ebbc
0xef7dee1a8476af90,0x27bb1580e8f58c5dffa0841974dbcc40
0xef9862dadc8848b0,0x3fc9f149c05f98740f5a3f57c637c71a
0xf032172d85d3b760,0x10f0cb05dcf86eb1647833785d531aa7
0xf0dd092068922d00,0x459e3dc990c31d6007f1a41e8f18c17a
0xf11ff82f7907f040,0x011e33fefd3b748d278223ab29377d76
0xf1e902dd3367d0f0,0x726500149a7945cf66c10396be8809a6
0xf212cc6f540988e0,0xe34d7804f5657d007ba06f58061ae8d1
0xf2233a76f7bf8f30,0xf987dcbc59fcd9c03257a80ae4e59c4f
0xf25dcb50d15b5980,0xca8033a7a5fd89c831610b3d1257363c
0xf30459cc30c42d60,0x18a775945b8c4949106861d3633d9c54
0xf3158c0c66dd7790,0x00de59f550f0fc2b6ae04d52adb328cb
0xf317930e51995cf0,0x74e56c682ca5f0cbab78a4ee385127f1
0xf3ca5f6427fa8b80,0xa02ebb764a8b77da5cfa38b1583678ee
0xf3cc9d8a4b1678e0,0x2f7a304ff344c911174f7a54788c161e
0xf4e35152312cd430,0x29deb76ad4ce14b39a9a56bc326ea68d
0xf568c9c6033c1460,0x29bccee9a71b80ef8e36b82f3856be31
0xf5930c386e7f2760,0x01b62820e90a23643a03873ebb9bdf46
0xf5a182c5d246fd20,0xeed5c0dab11edb4321d98c6456eebfe7
0xf5cf489783c8e370,0x286c6c4a3f796219860d23d64c85e837
0xf5f2bba7d3c94fc0,0xbfb84cdfa4978b1db87f0e55bc9b15ed
0xf634dbae9e7be7a0,0x58bdd490d26c34f8f6b1557e55b26dc6
0xf642c8f36acf49e0,0x70f8dd9952177eb7e6b920daba6a098f
0xf660ffd5119fc1c0,0x90ed41f464aba3f67a658abe1188afa1
0xf66b72a941424520,0xdda9a02a964fbdde895585be3de674fe
0xf6be1f7234050950,0x966e12778c1745a79a6a5f92cca74147
0xf6f259264e606780,0xd01cf93568032f7efef06b0468fc642a
0xf7198e17d7523ba0,0xd52da285543e882cb7068b26fef16ca9
0xf76dce6e0726d440,0x792ecd7555c36c3d5cbbc08035475c5e
0xf7cd0b759d263e70,0xdd153fb4968051b70723b796dd9539fc
0xf7d9dde98d19ce50,0x79cb26d24251bdb2776adad8744f957f
0xf812b02296b09e20,0x8d682a6149262a1337c67f46486095c2
0xf83032491fd3af00,0x4bdffa7d9f3dd894b6af98b2aeba42d0
0xf85429539ad73700,0x03ea038fc095e0997e240205bb00d206
0xf87f43fdf6062540,0x7aaf0e891fb797fab7d6467b2f5a522a
0xf888932ef45a6a80,0xcd024ec04b2bac3c5950d2bd900e7701
0xf8b55fb556d10790,0xfae46529fa9fcece50ed6af2235f6be1
0xf8c3c4617c15b010,0xa0be4a1c002b2f928dc57bd96689ef79
0xf8db1a4d584d3c00,0xe47638ec22c71d046c32faffa9fa4ea6
0xf90b9724b883a8e0,0xfff99f34f94d9109593985b5e5039055
0xf953249aff298670,0x9054a516e50071815481b307993c47c3
0xf9646b27b4652600,0x8383818fb235872ff68273bd4174dc65
0xf9ae8048d1b4a4f0,0x0775d63a4881f40077dd23074593b102
0xfae3fcee7636efd0,0x90de6fbaffb59512fa04a706ef8dff9b
0xfb20fab5be98e6d0,0xfee99b49145e362cb9019c594487989e
0xfba98e7520f37df0,0xd894f84e50ce44f47f4265afef1a030c
0xfbc59e92ca1209a0,0x7df0fe6bce8d75f26d62e40c638d521a
0xfbe86a8ea1cf0d10,0xe23b580e4523dbbb1eeed2190588d91d
0xfc145cfe469a1280,0xa96e2bf4586523b8f915486569967b5c
0xfc8ba273caa7b1c0,0xa09c93ded12ea61b76ad2cfc23f4fe14
0xfcb0f07f72127830,0x199c47458bd657c45606356db5e2d9ff
0xfcd4fb198625dcb0,0xde21c855cc713ba64ca49e01c6218f7f
0xfce10181e6bac200,0xa96e0d2fd312585790894dfc63e39d59
0xfd162e6fe93cef40,0xfefed21819475fb12f40d4efbfb553c2
0xfd3b10215453ef50,0xc1a1d053b71b5518810c715d31fdcc43
0xfd5a95ecc315c8b0,0xd0506f58e455533728986430fabd7787
0xfd7fc7de3a0cc170,0x06274afb6071911e3b2559fb54d6aa2d
0xfe38784bf4893620,0x51c6a2e46f48744f7abc9f0b86fe0ded
0xfe828c9b54bd1030,0x111475f2217718acfaca0a805fd98507
0xfe9e5d82bcbbf1f0,0xb9020590bf14d211ca1e5dac1701cbcc
0xfea2a33a51d11bc0,0xe64ddd918e9b185e1b770deb6f51ea78
0xfea4ca6a33423b60,0x6c811d57b2835bff857d114b4b91cbe8
0xfee4e6bcbd6deb90,0xae2e45a4ae4404d74100e66508c626a9
0xff7be2552061f220,0x495f350593247ace409c3af1ef427576
0xffb9c71bb69d0fa0,0x5272898f60fbba8f1cc99fcc1ddbb059
0xffda03368c6e9030,0x155e18b1fa83ada4a2121ac5f689a4a5
