0x42485e3a0a5d2f30,0x67a9c3787c65c1e582e2e662f728b4fa
0x42485e3a0a5d2f40,0x4da5e709d4713d60c8a70639eb1167b3
0x42485e3a0a5d2f50,0x9558867f5ba91faf7a024204f7c1bd87
0x42485e3a0a5d2f60,0x8133287637ebdcd9e87a1613e443df78
0x1846d424c17c6270,0xfcbd04c340212ef7cca5a5a19e4d6e3c
0x1846d424c17c6280,0xb4862b21fb97d43588561712e8e5216a
0x6f25e2a25a921180,0xe9bb17bca3f2c9bf9c6316b950f24455
0xdd84f39e71545a10,0xce164dba0ff18e0242af9fc385776e9a
0xdd84f39e71545a20,0x03983ca8ea7e9d498c778ea6eb2083e6
0xdd84f39e71545a30,0x66194cb1d71037d1b83e90ec17e0aa3c
0xdd84f39e71545a40,0xab0c1681c8f8e3d0d3290a4cb5d32b16
0x2fcd81b5d24bace0,0xa81ad477fb3675b89cdeb3e60870e15c
0x2fcd81b5d24bacf0,0x16febaa011af923d79fdef7c42930b33
0x5306f3f515166570,0x964a870c7c879b741d878f9f9cdf5a86
0x5306f3f515166580,0x30bcab0ed857010255d44936a1515607
0x5306f3f515166590,0x4562be7fbb42e0b20426465e3e37952d
0xcb69ca385f3f5630,0xd0dfae436d16ee18552116dd2ba4b180
0xcb69ca385f3f5640,0x2577bffac87a746319c16a0d0febd845
0x1fdb8b3206d599e0,0xd480865f9b38fe803042e325a28f5ab0
0xd576d4155ec17db0,0x9b0252440950fd131db53334fb0323a1
0x0fa07a3f2e295060,0x98b33c6e0a14b90a7795e98680ee526e
0x0fa07a3f2e295070,0x642aad48fcfcfa81b306d70019d5f970
0x0fa07a3f2e295080,0xe786ab375bca47be429817c53308fb2e
0x0fa07a3f2e295090,0xe6fd68e8d69c91c278601602bb4a06cb
0x2cc0f859aa6524a0,0x68ef8f5fae68690a78bc71750361524c
0x2cc0f859aa6524b0,0x82339e23dff3334b91b15f5de66cd36e
0x2cc0f859aa6524c0,0x5b6e4ae7a62081434fbaecc0eae2025e
0x2cc0f859aa6524d0,0x403d1f83a859890cd670f668637e0edc
0xf40048d7c31d5a90,0x49b25ded9c31d9b25a2b745b7b59051b
0xf40048d7c31d5aa0,0xf2686baa971c702d5bf49c04ac642b4c
0x8c6e90373020da50,0xfa83ada4a2121ac5f689a4a5ffda0336
0x8c6e90373020da60,0x2169df82b9bdee2dd663049d155e18b1
0x8c6e90373020da70,0xf3158c0c66dd779403c54c71fca05536
0x8c6e90373020da80,0x00de59f550f0fc2b6ae04d52adb328cb
0xd29e8693faf15010,0x190865159cb017c18741ae91acfebb4b
0x4653a5600597aab0,0xcad6e514ccc14d5173f660d8e9f41cc0
0x8557716aa7502a80,0x58d87776a51ad4f3a699bae0d138d150
0x8557716aa7502a90,0x4745dd9e27896389df3277fd1d77ce40
0x6f790959a3e04b30,0x2da44da189b5b368df14c6125f58d5b5
0x6f790959a3e04b40,0x4a814d53964ddb776025f0ae35354579
0x6f790959a3e04b50,0x4578bab326a974652371ea2c0247145f
0x6f790959a3e04b60,0x5e00ea6dca24be4d56672017555a4085
0x19724ce31bd09440,0x79585e697b2e1b82e89dc8158f928dc5
0x19724ce31bd09450,0xf9ea2c64cc417e7cd741d609564ae909
0x19724ce31bd09460,0x7aa56a181fd3c01757f98d1ecff4c56b
0x19724ce31bd09470,0x6d316b4a7f6b8793b318ad4c1db2b452
0xafe6790abc18a400,0x2aa36cf7eb70ba6527d99a23e4f7625e
0xafe6790abc18a410,0xce5dc8076025719990823edaa0722aa0
0xafe6790abc18a420,0x16408169a38d8afcfdd2ed7af97ccc57
0xa41865bf350d2780,0xcc249558f2ad985fff3e0ba10ac728b4
0xa41865bf350d2790,0x1ac902ee25777cf09f9821883744da64
0xa41865bf350d27a0,0x5c94938160c6b3ed755a3ac132ae2a20
0x905c053b25fdacb0,0x6c596216ae0fdbc8a36bcb0167e98363
0x905c053b25fdacc0,0xade7cef37ed2ec2f856f3d95e0ae1a1b
0x905c053b25fdacd0,0xd5627386528cc241e345ac72eac39204
0x905c053b25fdace0,0xa2939b3b7fa74d8aff88ec827f99d273
0x5718ada2027c0130,0xe6256403bf3df0bbf66ac168b4a1ca79
0x5718ada2027c0140,0x091472ad52631db9d17034ce51797350
0x61067a8cd7a32830,0xb4d4dfccb7d779cc4b5ca436953c178e
0x61067a8cd7a32840,0xccc93ff710fce97d786e30efce9b2e70
0x261908b9ccf719a0,0xf7f60e7f75f2bc20a7f5195cde62d43f
0x261908b9ccf719b0,0xe6addd9e61d9fe398147a8f45f0ef320
0xcb4d18d6adb6da30,0x99a2ecb1c202387b849b8a44ce1bb02a
0xc12ea9b8e7e13ed0,0xe6b106e289110af04a276dda34c3494a
0xc12ea9b8e7e13ee0,0xf8f8f071d360da696af79ad2993ec8c6
0xc12ea9b8e7e13ef0,0xf8e45086ca819c6fd872298c7b72590b
0xc12ea9b8e7e13f00,0x3bcb50b3961d8dcf9b8086da63794035
0x6af944e07b387850,0xdd02e100e3d484087de8a2342412579d
0xfc98c279cf6f1110,0x9c9d03f309018aee69407be75a4f4145
0xfc98c279cf6f1120,0x0c0a59677579501a62fda854775e0ec3
0x8522dc4ef1dd50b0,0xe0397e67926146de91bacf80aaa07996
0x00d3d1af353e0c80,0xbb6b0095ac7b7ab2a8b56f85346d2b7e
0x00d3d1af353e0c90,0xbf7b68ae1f8941b6e6a1a40bf031f4b9
0x97d01e702f1d9be0,0x88819f421a42b62914afe646fe3216bd
0x97d01e702f1d9bf0,0x606821d6280a07ee4ec985ff94b28b9d
0x97d01e702f1d9c00,0x200f7753f217faac259cff81e5ce0ca6
0xc13e66af3c9590d0,0x6b770df15f59aa2c4a82e06a2f16fb50
0xc13e66af3c9590e0,0x21da132cdc68d4fd0bd7696fa9c72e7b
0x6c148fc69750ca70,0x15a5712c5ac4b6c7a31034dd4c4b91fe
0x6c148fc69750ca80,0x5e87905aa1fdcdf171df24d93f80c31f
0x6acf49eb02284fd0,0x52177eb7e6b920daba6a098ff642c8f3
0x6acf49eb02284fe0,0x4b1678e45f20f4063438b4e470f8dd99
0x6acf49eb02284ff0,0xf344c911174f7a54788c161ef3cc9d8a
0x6acf49eb02285000,0x46e785ad1bce35d8cbe88a3f2f7a304f
0xb3dd77e1cbb02fe0,0x2f751bde66163e5beda2fc4c7237d420
0xb3dd77e1cbb02ff0,0x2cbb93c26e84f8ea6bf4d047c4841a8d
0x37fef6b501fda690,0xfa92cd28c4c536fb1d4d11804c6e6fbb
0x37fef6b501fda6a0,0x9bf1f1d18b92c2474d18c103a100ed14
0x37fef6b501fda6b0,0xc058a332b4cfafa86c98f73d27fe1b4b
0x37fef6b501fda6c0,0x7f67ee1aad9d1f4217b18e6e78aff58e
0xa1cf0d1d47b3df40,0x4523dbbb1eeed2190588d91dfbe86a8e
0xa1cf0d1d47b3df50,0x001098240a614be3ab2212c9e23b580e
0xa1cf0d1d47b3df60,0xe3fbdbda86ae9d5c65ff6adc41aef3f7
0xa1cf0d1d47b3df70,0x71d04b0f656fa7e6b5c03f6f94e4cc44
0xeb83af16e404d800,0x6a325333116e8a6429deb984c31277fd
0xeb83af16e404d810,0x8513d91e48622a674a294067dc66a27b
0x7a0a02ba37cf8020,0x517830328066b49bb1d792a07d25cefb
0x7a0a02ba37cf8030,0x0f6ab75bf55b2e5ca6ed0ac07e22e1b7
0x7a0a02ba37cf8040,0xbec60ffe248f4a254cd8ef2471a8c9c6
0x7a0a02ba37cf8050,0x9f032cdce32866d30d6a78b07eda9ab9
0x3239d04bcbab5b50,0x9626d8c4344af454f0a61c5e707421d4
0x3239d04bcbab5b60,0x636abf8ce7e3f52c0cbf404db5c25d42
0x2fcf3b87defa7860,0xa358cb1dbe3feafd0e96ed9b5d158e44
0x9bcfb1c4f87e3560,0x3891aef5ebe0572c8ec9ea986581f934
0x9bcfb1c4f87e3570,0x9bbac83856e9b78d315e80807425f4e9
0x4e49df560b648ac0,0x025b7c5f1284b9d78d4e2753ef26a5b7
0x4e49df560b648ad0,0x702dc88ab97fb3bb7ecc040c75ff93f0
0xe139d15d48d8b9e0,0x01a6009ea8dce886ff4533febc6ff6ac
0xe139d15d48d8b9f0,0x6da313e783e9973b89181ba3bdee9231
0x45c190a8a52ba0c0,0x908e0372bcbe9a42f89d3fda1e454241
0x45c190a8a52ba0d0,0xb76fc5b2acc512df3ac49efa5be12d09
0x45c190a8a52ba0e0,0x483c1a4ea91da2cd8bf06f64b4178592
0x45c190a8a52ba0f0,0xe6cd3595d4f0d65dbd6817b638b80611
0x213c121ccfdef300,0xf9cb2ee827be03816544c97de0789f97
0xbb8917463c3da910,0xc28d2ad53bd3147dd0f0c75d21d32e24
0xbb8917463c3da920,0x974d9d499bc698825a7c831a62759469
0x505e9c9b8bc88bc0,0x425832c0142a6c95d9082a42b4480761
0x505e9c9b8bc88bd0,0xb413420866dfeb1e9ab3cc27232f8c5b
0x505e9c9b8bc88be0,0xc90ded295100f186d25ab04930e9be17
0x505e9c9b8bc88bf0,0x0f2670d2f19b43da6253dfe34aaeb212
0xbf401e04b9f94ec0,0xdceb201357d9af8d3fe65f90f631681e
0xbf401e04b9f94ed0,0xa8e6a772b9cde60cab1e679470f2297a
0xbf401e04b9f94ee0,0x581ba3074296587339d5b552a867a0f0
0x92d6ff735b3a4590,0xa1645f58bb78eb2d0ee5144d8a1d8b42
0xa0b976c27db931c0,0x0b82b61c3dd0c8660649def50fb2de1e
0x0abc847ec2537630,0x68afe2b81f626a97ebe7ef9190920b69
0x0abc847ec2537640,0x00cbd3132bdb572063eaa07ff436498e
0x0abc847ec2537650,0xde6d2d7e9f312acb2362dbc180245320
0x0abc847ec2537660,0xbb80d98dd70da545839137a6a9774b71
0xd71330613cc4f770,0x3f2de8a82d20481ad216ad53d4088ff7
0xd71330613cc4f780,0xce749e8af4e1680b05a02c72f22a4fc6
0xd71330613cc4f790,0xc9a57cd1be28e8c52b395c4ee575ae93
0x9a1ab3579d6c84a0,0xce4f1ca0571aa4f640a210150a40a379
0x9a1ab3579d6c84b0,0x06fafb60606375b8bb937826bcee9d29
0x877e5ea1c33993f0,0xfa7bff5f62d59938571c9d788429aeae
0x877e5ea1c3399400,0x357f0a64402988fdf8cc3f3bd59b148f
0xf7f21e5cce0755e0,0x960da7883e1e165decadbb86f16f1487
0xf7f21e5cce0755f0,0xae6b4c8e88644581b8577478ac825818
0xf7f21e5cce075600,0xea96abe6299cf16b5a7583c0e02a35e9
0x4b1dd9fda02ebb70,0x6756264dc8649f787eaf167952b04994
0x4b1dd9fda02ebb80,0x2b8771dffccae6b86e56627499c7abea
0x4b1dd9fda02ebb90,0x918ff3582408c3c2c9d0a7f400425fc6
0x8c83384811fba560,0xf3254f2d47595b016c835975efa2ce12
0x8c83384811fba570,0x2b7bde99878f40ed2c805ac7d48457df
0xebc16f6979460970,0x14dc01bc0aa5658322a5a421858da7da
0xebc16f6979460980,0x5c6be59658f16c91dd6d47e490e0172f
0xebc16f6979460990,0xb7a02afd30d6863f11c272d801267789
0xebc16f69794609a0,0x789a28298a663359abe0a1771c5e1698
0x25c1df67987d6160,0x82f1240d4e5c6dd2ddda17a36779de0d
0x25c1df67987d6170,0xe4907635201910c629b496640f52361d
0xe8f58c5dffa08410,0x72e6316ee6710ad2c1b5468a27bb1580
0xe8f58c5dffa08420,0xa1ee691a09e1c3b0271f27728d7f7ba5
0xe8f58c5dffa08430,0x83210210a43c991d2d4da4ef95e38180
0xe8f58c5dffa08440,0x50eaa1d2c1f8190be55e44b808a6d5b4
0xd7604342fcbc3220,0x22d801701e6cbd83a2f62516dc88b09c
0xd7604342fcbc3230,0x2ebed37d05d156b6eceec38d511fcda9
0xd7604342fcbc3240,0x567fec5e04ea581d20068c1cbbd743b3
0x9aa909f15adffd00,0x417df4f8c1a7de009ec12fa2e6df12ce
0x9aa909f15adffd10,0xd95e17e1900f72f74f4b4ed5ac1d02e8
0x9aa909f15adffd20,0x2e4025346987b05274219d3ecdc39412
0x9aa909f15adffd30,0x439f4b86cd6a5e0c7427965607db34e0
0x18a775945b8c4940,0x0576598359cd012a06b42b6f1f94e3c8
0xd39a4bb0d62b68d0,0xf484878d5bc9e8895567a84c1480f037
0xe8b7e2da277e5c10,0x497e28aace03a34da022dfee843fb606
0x90bccb66e0631450,0xc5507d2b909e7f7862f252912353d455
0x90bccb66e0631460,0x956a2f20ee283bb72982100c03729e33
0x90bccb66e0631470,0xb7ed75b463d0fccdafdb4e0b01716f1d
0xd2f7442906714930,0x09c64c1d00f2460382951fe052c553b5
0x0a9d499ca2698c20,0x08ef444a6e63ffa48d2ad9744a863655
0x0a9d499ca2698c30,0x600aa45e44e1b08c69199a8aaea62315
0x0a9d499ca2698c40,0x22587c8958ccf9b4354af1bdba5612f7
0x0a9d499ca2698c50,0x5b61f92b9cf600ec1c3c8d3521d4fb7e
0x65fd5f6993a25c90,0xb5f50316a45335cc137fcd2b76a933cf
0x65fd5f6993a25ca0,0xc71d92d613ec5718ae4a741ab5004950
0x65fd5f6993a25cb0,0x8dcd7d64b9e8e4ee8b7f6d7a6ce8d7dc
0x65fd5f6993a25cc0,0x351c5aac2728ec952b52dab12367ad9e
0x78a55d6bf2ded000,0x68fc642af6f259264e60678b82f4b48a
0x78a55d6bf2ded010,0x1903b45fd01cf93568032f7efef06b04
0x78a55d6bf2ded020,0x25cc2478276d7e19f924e06aaef5baef
0x78a55d6bf2ded030,0xa25130a89870c707955fbc3301424249
0xa4f0d9c298856c70,0x1c769e1f83719849fb5214d99a66d48d
0xa4f0d9c298856c80,0x9d4319b5bb5f15c1b0445ebb444517ef
0x28b74f3dec3826b0,0xe5098f9ad3c61e058d37aebb8fc7f7e3
0x28b74f3dec3826c0,0x820bc51ddb3aefa6c7d0286213f36e53
0x179d221d8e5f37f0,0xd0813d923aca43f27b777bf243f98cbd
0x179d221d8e5f3800,0x5c05c1f3241d3e274bf41e101c622f82
0x179d221d8e5f3810,0xa88f58c1237d7b90181a218ecfd64560
0x179d221d8e5f3820,0xaa61353ad2b000780e8472a7dd332379
0x0876daaa01ce5fc0,0xb325442c8eeb3fd86783b0c3dcae667e
0x0876daaa01ce5fd0,0xb6d066f27d8745669a0a80bec15dfcfc
0xc7afae8fdfecb2a0,0xaf8c96a918f7e499df61c53457d1d37c
0xc7afae8fdfecb2b0,0x7f6bf51b3a05c0b73ddf55b2015128db
0xc7afae8fdfecb2c0,0x4642cddb4fbe2aaefbf70946d6ada066
0xf2684ee15ad87120,0x57435d9ced3032ed824c6948f474b1a4
0xf2684ee15ad87130,0x92dbd6134e051eea13d7284617776c3a
0xf2684ee15ad87140,0x5e146c30bd2cdb8d39ebfa326c1b6811
0xf2684ee15ad87150,0xc2185e77dc58ea6a6193db51f6aca9b4
0x33061611ef96a210,0xa8f614bd7b2aa677c6b7e7cbbe0d24ed
0x33061611ef96a220,0x486c0adf5bf26ec8c814ed3ce166c6ab
0x33061611ef96a230,0xd4c667bb211e55c39cc753ad6264190f
0xae5ceb3d1c275030,0x76fe579f6382f3b5f9adf8c56247b40d
0xae5ceb3d1c275040,0xef8dff9bfae3fcee7636efd98376ffa8
0x4fab2ad88091a210,0x849648e85084a40f3b8f5fc77c96eefa
0x4fab2ad88091a220,0x78c5a976178672e8006b8fd6af157ed9
0x4fab2ad88091a230,0xf325f875e4172ba364eec62b51306e5c
0x4fab2ad88091a240,0x6e6d086cf7b37a86d21dbc093a357442
0x17ee2fe6681091f0,0x53a9ec5db9b5c70e3346f7c6437249fd
0xb2daa1f6cc160140,0xf3f053233bd5f8a2073c36ba5d393bf9
0xb2daa1f6cc160150,0x88da091b61f6c8770212585b0b2f8580
0x9aca0c4ad24e3100,0x3309a536e998952cef58951f9b1ae019
0xd9073286329cd430,0x9f13d2fbe583847f852d2ee50061fd30
0xd9073286329cd440,0x89745cd7111868f86a4ace0ed89a9500
0xd9073286329cd450,0x3a19607d3bfb255eed0d04182d58bce9
0xd9073286329cd460,0x7984f33f61c61ae46a594b07eda67806
0xee8f0e0999755cb0,0xd4e26a5bf807cdd926184c80edf6b1e0
0xee8f0e0999755cc0,0x3006ff85166a1a98af3b5a9185bab545
0xee8f0e0999755cd0,0xa182e35f848edc98eec9fa674cc672fc
0xee8f0e0999755ce0,0x0f1a6c44f239fbb01f6ceec1ac546740
0xa9c7ae92e61b4dc0,0x991ab513369fe284edc641cd921bc646
0xa9c7ae92e61b4dd0,0x7cddb4cc3e332f35086c976870fe3cfc
0xa9c7ae92e61b4de0,0x5153f737d7f14ec29a9dadd2e7aad070
0xa9c7ae92e61b4df0,0x0021b6323246b7d9bb2966398e4a295d
0x9ad73702140a6420,0xc095e0997e240205bb00d206f8542953
0x50c6fa8c27a00080,0x7c2b940d9045a445958cd60ea07f7f47
0x233e383454e27ea0,0x196d362dfec24805feeac13d581332c2
0x233e383454e27eb0,0xf48ef9a86aeb5a328fad725d9d0b6f5e
0x233e383454e27ec0,0x4063d5251152797ec20166e3ca687a98
0xffbdfd47dc7972f0,0x08df6b197c3ad03720d5c16e961139cf
0xd61a43f28ecb4970,0x2d5c6415fedcb8f9378b094cb5178761
0x773a13fb37503d70,0x20e30a4dfbcefcd05050f32cd4062cce
0x773a13fb37503d80,0xc6b4195caa19af268fa41d2246ddb0ac
0xf367dbe240e34690,0x88653e42cefe73ece9184b9f501049e2
0xf367dbe240e346a0,0xb550f22172e55360e3aeb12e7d4fbfff
0x854df9b62b66b1c0,0xced4dd7cb4ca01423b239fd80d20f686
0x854df9b62b66b1d0,0x3d0daad007d5e121623a35ae7a31a27c
0x854df9b62b66b1e0,0xd3100ac51932263c4eec95b014c30b50
0xe4bd7d5703e3c250,0x69f5a74186861f295cb76bb9c0ff34b4
0xe4bd7d5703e3c260,0x7ff5101d3f1cd31b86ff76d11fe32b56
0xe4bd7d5703e3c270,0x6e771359677abeb744bfc434481ce3f9
0xe4bd7d5703e3c280,0xed4879e7efd164eeb287c4407881307d
0x3fccb2c133d4a090,0x4d03cbddcc869dea38a7ac5426b1caba
0x3fccb2c133d4a0a0,0x8d3ac4b92fb0107425323fd3c9f35bf8
0x3fccb2c133d4a0b0,0x06f9f4e68b4eb003401a2e8afba0fd45
0x75fc1b10b8d13530,0x33251c76d8efb5c9e7a2d2d0ca3c4050
0x816a5ea8618a4760,0x8880f9fd6282c33d3665b6a5634da412
0x816a5ea8618a4770,0x207417e71a608f0d7e4132ad86b0915a
0xd335914ce62ce6a0,0xf629253502b33be214ed05bde4d08ebe
0xac91c01e734c5190,0xf915486569967b5cfc145cfe469a1289
0xac91c01e734c51a0,0x421cf26265739938a96e2bf4586523b8
0xac91c01e734c51b0,0xc315d334e47c98ea139e5ca2b9e7f780
0xac91c01e734c51c0,0xbda314883e1fa8ac9606293028600311
0x4d3903626ef4d6b0,0x86d77094a6894303e807092d74ca0c56
0x4d3903626ef4d6c0,0x31bf3b36bac114b5ca19e5a80d5a2ad3
0x4d3903626ef4d6d0,0xb0fde8c97575117c41ca37f5f7de1a61
0x1a6c3c2598e16bc0,0xcb3d7ee7fa9f941a41a064bedb0dff11
0x1a6c3c2598e16bd0,0xdfa2e52bd35169bc0044c690f17a7c84
0xf73c3dcee83f3270,0xcfd092769c017e5d5c41dfb5a94a29d3
0xf73c3dcee83f3280,0xfda48455acac00dc024e860944864d26
0x6e935faf9502e1d0,0x0654f465b311d9c41d86fd12c8359b91
0x00b425aae7eb5330,0x9abf3e69e5bcd7ed6fa680100ddd49b7
0x00b425aae7eb5340,0xa5f3aa63a5cbed9fa57949170806989a
0x4f7070e66b589960,0xa0536c6cea8713d2a20847d854ed1b3b
0xec7b009c9b83a430,0xafaf2b68205bf9e7c42b43fa6b4de9de
0xec7b009c9b83a440,0xc634effdf02dd043d01acef6a8294aab
0x2f9f5bf9d6b6b5d0,0x4b511edb7b768615f6b1465dbf2b6442
0x46b0163043215bf0,0x5b0eec4ba2a1fa451c52d51ec8fe0b2d
0x46b0163043215c00,0xcd43cfeb89386b90d34145328252f723
0x46b0163043215c10,0x9b9a9bf50a78491f0211550313218ef7
0x46b0163043215c20,0xf4105d94c689f37bf94523fe03cb8f1e
0xc8a86e3a62937980,0x06ec9ad0e2cbef407b38a089fa4abdec
0xc8a86e3a62937990,0x23f3e5aed1de4fa8a1c563425033b5a4
0xc8a86e3a629379a0,0xa4d6ce54645cc176b3f175d015c7a820
0xc8a86e3a629379b0,0x39a11816fc7aad95bfdf8a9e9446d493
0xeb6b96ecea3a5bf0,0x995d767b0c1333ce07117e78e70a26e9
0xeb6b96ecea3a5c00,0x8f6dc11721eaa1fa663eab2bc83235cc
0xeb6b96ecea3a5c10,0x681d30de4c15514db40eb501bb2c2c42
0xeb6b96ecea3a5c20,0xf4a9b4e3fa4f4535e45d8903679bcce2
0x024d65deaf44eae0,0x0d326347dcbcd86ea2e86f7add6af484
0x024d65deaf44eaf0,0x11f63e9bc7361a75c61b2c77860215be
0x024d65deaf44eb00,0x48df480ea3b4e52902a007fce04ee43c
0x024d65deaf44eb10,0xd527b331240eb6c1c5cf255f278db4f6
0x8923cba178741660,0x50c6735014b3f2641598734a86c52c1b
0x8923cba178741670,0x673ef518c6cbb1796239f30a70525bb6
0x8923cba178741680,0x6d05f2e38d20dbea7ae398cf8ace37d3
0x8923cba178741690,0x3825a7e1e80d240312f378a184c65027
0xcd84344baef472a0,0xb9c3a78fc8d3aceed370c51fd8e2ba4c
0xcd84344baef472b0,0xc2de59500b2f72efec0959b82924b159
0xcd84344baef472c0,0xa8936bd386a29efb7af0cf69bd2098c6
0xe0f24eb3af58e380,0xe9e4f06c36890df97bd37c4b948c52c8
0xe0f24eb3af58e390,0xffb1c2c97448f798b50a676c06fccff0
0xe0f24eb3af58e3a0,0xf9e590e4d36d8076998b1e1c9f81fca3
0x9411723a50b417e0,0x916092616e107e22fa7199d653e82886
0x9411723a50b417f0,0xa0e5bd8cdd7524bcdd82016dc4fa9dd1
0x9411723a50b41800,0x643580a06df5e2aa832cb6a724e2e13a
0x9411723a50b41810,0x4b9368d961880ea05e5ecd0a3cbafcaa
0x3de674fef66b72a0,0xed825ea8dda9a02a964fbdde895585be
0x3de674fef66b72b0,0x749df1fff13a90495f3fa533e28cfc3c
0x3de674fef66b72c0,0x9fbd4b9f56756682996d66423cf87ff0
0xd81580dc24d878a0,0x2c481f988ce67bdc41b72448c2862234
0xd81580dc24d878b0,0x98b0b4d7b5e16e19b4642bad89599298
0xb11bb2df346eba30,0x9af08b9a5ba1cdb699aed9de2e7833c5
0xb11bb2df346eba40,0x16bb4fb0cd59beceb5bcc5833fc34af1
0xb11bb2df346eba50,0x35d5870de79d1be27f29e86c8a730eaa
0xb11bb2df346eba60,0x8301c5b945ffa36b63c2523d4b32bc86
0xb85f2ec49d6fe1b0,0x8c46e2bc4f12b0d57028dab48f0c417a
0xb85f2ec49d6fe1c0,0xea8760aada4dda766a34bfb4e62a3fb5
0xb85f2ec49d6fe1d0,0xf230400a386b01c05ffe6c117b51aca6
0xf9422f1efed97f90,0x8191cbeb175bf448a0ce5b5fca563921
0x20de5de4b5b46890,0xf13a2ff393658891e4600a02c5acc612
0x20de5de4b5b468a0,0x87fde43c9c7221e4ec1ac8a3ed51fa2b
0x20de5de4b5b468b0,0x32a564ffe195f855dd4b2f7ef559ddc7
0x20de5de4b5b468c0,0xe8a14cd328a3938c4ba4d5e24718e12c
0xe5f1439522e7ee50,0xf95c46f7682e4002a9f15f7cd7ea0686
0x99605cd1cab24a00,0xe4ed458b010ac3f8387787e2bc8a8038
0x99605cd1cab24a10,0xbd86931235069af5d2ebe96b24b7d424
0x99605cd1cab24a20,0x6b0efd0100dd28b3acea35a393d5e33b
0xca92720ac2e8fae0,0x43db02351184d8fbbd335a642d79f3f6
0xca92720ac2e8faf0,0x604c83ca53b9a632f967522170c43406
0x64348207341514c0,0x8909c1ba18fa547216752b38fd642ae2
0x64348207341514d0,0xac69c00681b84ea71f21747566f0f769
0x64348207341514e0,0x2afd65c3a7484ffbbfd9de847770ca8d
0x64348207341514f0,0x3d9f3e803ba685773396454308439ba1
0x11d56acf680fe5e0,0x366e3cca8c479390d41cc2bce3352f8b
0x11d56acf680fe5f0,0x7de5b4a337ef373e32dec6d586901942
0x11d56acf680fe600,0xdbf9a793ecb9cb393103d90417426bd0
0x11d56acf680fe610,0x9a92484921566d5e836150061981f0d4
0x6518020a99cb37c0,0x43189f26e9b74954a41a5d31dd5eb2d1
0x6518020a99cb37d0,0xa3da4c9478a9a43bccea521dac331b92
0x6518020a99cb37e0,0x07647513c9e6e6309a553472a15b74ad
0x6518020a99cb37f0,0xc4d3fec2faf3d90e586a730259cd83d9
0x3295ba69f9873b50,0xae9e8d0384983111371a239070c742d0
0xabbd2fe0e095bbf0,0xd39dd7ca1fde56c19d41a10b16b3d17d
0xabbd2fe0e095bc00,0x9f118a429cd3a7955edd9aae7f104dcf
0xabbd2fe0e095bc10,0xdc786e743ae7ab54169e98cea7713b3c
0x0490642fdb5bf010,0x846736ce24dbac94486cf4d67c23bbfc
0x0490642fdb5bf020,0xbd3ccd615ec2abf6a2237d40d836ba33
0xf118ac101de4ead0,0xea83986171027b0323a8eb6e2864120e
0xf118ac101de4eae0,0xefd9373e6c7f40f88946352dd9535d1d
0x785ecebcc0038e50,0x5dde2c6aaeb5964415d51b4992a97177
0x785ecebcc0038e60,0x19db1d7b1938d096ed3dffdfa5bb2389
0x785ecebcc0038e70,0x0af01e69853a91353ee2151b7e88c933
0x39fa33cd035e4eb0,0xacc08d9899dfd2f5b4fbf35024bf2792
0x39fa33cd035e4ec0,0xdd3a30f824ee198edf302d42c4545268
0x940795d06bbb9610,0x211149a5faaad22c8c372aad84eefe22
0x940795d06bbb9620,0x91c9992fb73a068354f69e70b5f767d3
0x940795d06bbb9630,0x6363a1f0fcfd32468884b81da7e15728
0x6776eb3783f07d70,0x44a4514b7f562e989bd23ec521f94354
0x6776eb3783f07d80,0xb1a8e5c62c075d2cdf9e407af3531a52
0x6776eb3783f07d90,0x42ffb01756c16359352f034103faa677
0x4f651f216fa2be10,0xeb9fc88eb8775b599f3da6ae5295dcaf
0x4201545f771a0a10,0x2af57422b1bc4d5ed4580679e77be176
0x4201545f771a0a20,0x92294b0bd4ed425fb462d9d2709a7992
0x22057b918d3d8860,0xe45e95b969f82b8b7dd5d97e086d996c
0x22057b918d3d8870,0xe08aec96f4159113cac4b9e6778d028c
0x22057b918d3d8880,0x3288a67e030c98e85e2408fa70dc4769
0x589c25911608f0d0,0x618701e8699a723fa4b2f62c610097fb
0xf173d2fe2d5b0290,0xa623c2783a94f14b08302ee69a9c1d73
0x4f322470a2334970,0x60ab75bf34b2a7daed6fe79b8c56ab92
0x4f322470a2334980,0x0a5a61a06c87ecd1116b47e2e0460545
0x4f322470a2334990,0x1768599decffd101cb6228730aebe087
0x4f322470a23349a0,0x4f0fa9db4b6a3fea01cf7f935e6cc9e4
0x0b08da959fee5990,0xde2d64b9980dda10dffd6f1927e4bbe6
0x23a6152695e3f320,0x8f8ac4cdbe169d6bf290d831052d143c
0x10b8c060b580d3a0,0x1da5a563a939e190c6f1c3ad9b86d80d
0x5a57cde5f13fc400,0x020aca12055dfed45fa7cb00816241bd
0x5a57cde5f13fc410,0xbd96678341ff6f6324a3b63500513063
0x5a57cde5f13fc420,0xa70915ff35a10d06b15a8171ae76375b
0x0a73a9a9df499c10,0x59eea30ba812c4d0eae128042c14c68f
0x0a73a9a9df499c20,0x333a1d7152d1de24bf3ba58ed02fe513
0x145e362cb9019c50,0x6aa066f7a607dc9d55bdbbf6fee99b49
0x145e362cb9019c60,0x44444f7dada6b225c607fad901fe2e70
0x145e362cb9019c70,0xf9d7d79dfd0bfd3ba7d8baef3a0aff49
0xd26c34f8f6b15570,0xc5795b581df5c5b35d7ee6e358bdd490
0xd26c34f8f6b15580,0x5d1a74c36b35da2c04465ea7cabf5c57
0xd26c34f8f6b15590,0xe6ab5199de9318967ada5a662fa0823a
0x102bcf1640b0dc20,0xe8968a9f2884eee7eec6c987b378e45d
0x102bcf1640b0dc30,0xe93cef4b4d01cc3600916b3d918b55fd
0x4034dca41eb62170,0x40a0864341cb57da50abc4519af1b456
0x4034dca41eb62180,0x9ba0b30f601b3bb548ef09a4b8c0ace8
0x4034dca41eb62190,0xeff2091a7ffc4eea05f7e0d1838bc6ab
0x4034dca41eb621a0,0x808b20f6f281e24c8384841da56a4a75
0xa7f83cd9bb2332d0,0x0947bf82b8ed3aa4681be70bc2e4dc34
0xa7f83cd9bb2332e0,0x8e3834376a1c78170584d26cf7243a0c
0xa7f83cd9bb2332f0,0x473b8bf6cc5fbfe7f3be0a6c15ecb910
0xcf4d5d14adc0fcd0,0x5984ae6688953e23f2c1c87d63d80690
0xcf4d5d14adc0fce0,0x71e54207861ff6a278c499958c9ebc8a
0xcf4d5d14adc0fcf0,0xb4159391bba9048abe7cbe1e8e4e7077
0xcf4d5d14adc0fd00,0x2f5d5c6294028d9a799335bce65ccee3
0xb1df5a7cdc305710,0xc851c1df7d1e162d278f58a0fb6de7c2
0xb1df5a7cdc305720,0x7dc2b0b1409b0a7ad866e735f4a61316
0xb1df5a7cdc305730,0xb92f5f3d86634e4ab59eeb71575505b8
0xb1df5a7cdc305740,0xc676a324395ce894fdeb26efcced6bff
0x7d58bb0206e80040,0x8606ebc492dbfdc913f60dff788afa15
0x22a855589028ad80,0x4d6e758b14b92ea4421f4828902a94ca
0x22a855589028ad90,0xe1b9f50e216d9a63eb8313a85b53cd42
0x22a855589028ada0,0x0af23ed35ee10379e9afa68277c96139
0x22a855589028adb0,0x19c613bae1bd8bab1a6e9ef754700834
0x961516b5896431b0,0x516bb4edbaaafc6c71daae439ac352cc
0xa889ea843070e150,0x2fc1ea7da3b0cc064d6bbd5da64b62d5
0xf565e82a79a975c0,0x860fbe0cb6870e201450e2ed3da104bc
0xf565e82a79a975d0,0xb484db42e58000cf427585d8e5379893
0x16d91fc5be850390,0xa9c633e27c11379776bfaa9b641d2571
0x16d91fc5be8503a0,0x0ec5c62d24020912b4f6783a240c499b
0x16d91fc5be8503b0,0xa1d577a426b4a0a71cf0589debde3e11
0x16d91fc5be8503c0,0x9b85f2b467706befd5be10221ea70756
0x202aae6410afa960,0x6f283a3270a22d8ec3c02b36ea727bf4
0x202aae6410afa970,0x3985577fc069f48d5c5815b0197aef97
0x4bc61ffdc61053e0,0x9f2a5843af3357209f7b8a2e04aa72d1
0x4bc61ffdc61053f0,0x321a11284586ce142e215337eab5f50a
0x4bc61ffdc6105400,0xd54f58b7b589931f8c662964801f9c5f
0x7e8fed3dfde60dd0,0xbcd8d4e4b8d056c18506b30c2513be03
0x7e8fed3dfde60de0,0xbd08b032f9ad520206ab5a91d83dd24b
0x7e8fed3dfde60df0,0x005ba4e123ca4739ce5e761b7b59a1c0
0x6b3190f4e55ef740,0x0a2581e9b83fb64a6463137f35b592e5
0x6b3190f4e55ef750,0x91a7859b39147d0ebca1e7cd98a98ba6
0x6b3190f4e55ef760,0xbce7774272280d9ae2cd813001e1dd8c
0x6db6cc9a6735f350,0xdb3d977bd3d69412bd60bb3ebd45242f
0x6db6cc9a6735f360,0x213b37eaaeb405f1d006434cedb52ad7
0x6db6cc9a6735f370,0x7a31daf12dcbb10ef7a15f3beb5dc17d
0xde90648113f333a0,0xd7488a7680aaf97e454b57c1ee874f00
0xde90648113f333b0,0xdad16c2b96561c9429efcdfc81992dc5
0x7b3402f41f13fea0,0xf7f6b5996f1c1ff43f848dfcefd622d7
0x7b3402f41f13feb0,0xf059a06dd7fab5bc1dc11ea22f06771e
0x7b3402f41f13fec0,0xb3f855c809c9a8dc8410ebdf0ded0f89
0x7b3402f41f13fed0,0xca1e5dac1701cbccfe9e5d82bcbbf1f9
0x901d169d25ab3470,0x5dbfc02b5bee11e1a5660feb35b996bd
0x901d169d25ab3480,0x7d00aff3606d396e18867eb519912186
0x10c565d554059be0,0x4c041d5a7e41b9af9ba788497b51a1fa
0xcfc80b4ecab68ee0,0xdb3d663628e1a8afa02255129ed03a7e
0xbe767191ae1c3840,0xb17b08aedeb5b9e5d838f3ce74448cb3
0xbe767191ae1c3850,0xd1b4a4fe63ba4dc3ca907b30114eb0da
0xbe767191ae1c3860,0x4881f40077dd23074593b102f9ae8048
0x27d20e849b581530,0x01c5592b71d6ec10cceeba877d3c1062
0x27d20e849b581540,0x27bcb21ae8497caa531bbb0e9be82d6c
0x27d20e849b581550,0x4c786b1e06d341c5ceb885eb6a02bac1
0x6bd2623a140895d0,0xdd159d1d830d98eec1c30b57dd56dae3
0x6bd2623a140895e0,0xec737312d0a58c1fdeaf525273ec1e79
0xcb1dad0d0717eb40,0x43a9da5b546e8226604ff4fedb690711
0xcb1dad0d0717eb50,0x71638db040af906697046d7c5ae44257
0x417358fdcfc30c90,0xd3e4df8f9f747716ffa857c8b5f284e0
0x417358fdcfc30ca0,0x0716e1dd67ddf42ddd761afc2aee0157
0x417358fdcfc30cb0,0xd2e922b3e80a2294f3cfeea6aac41158
0x140d016e69664370,0x3ffdd31f91c73e1dad358ffc13addef2
0x140d016e69664380,0x52f29d2c3747414b1140e8ae892324d6
0x140d016e69664390,0x8ed20f4cfc34ed2873e42678be0d894c
0x140d016e696643a0,0x191f3240cb4ced8b9b97e907b75d980a
0xf57b6006dfc09930,0x36bbde06429a8f86c6b23bac701a484e
0x4a789a0e855f27d0,0x91627297fdf3aecebd9a324e932b99a5
0x4a789a0e855f27e0,0xd88cf5ba5f695b4e267ce9c1166fca8f
0xd22428c03bc3f210,0x4b3d1b2a770bd8a791fd78156e3f32e8
0xd22428c03bc3f220,0xb0a35f752cede02f0114a577d00fb068
0xd22428c03bc3f230,0x114acf8e89b58d29744d732592a90fd2
0xd22428c03bc3f240,0xab39109c03814d2bc6c6c6dea5dc21c9
0x6237e31e64b57de0,0x384a28d2bbe7dec42cdd930399063e5b
0x6237e31e64b57df0,0x07a1cfb21b85e81d8c498ceaa6a1e781
0x48719831d0fce120,0x06bba00e615acc4ad79d92bc2bd11b15
0x48719831d0fce130,0x6b82e781a14d7071519ff558aba1a4b5
0x48719831d0fce140,0x838e0b04ec52cef13374263e84cf7446
0x48719831d0fce150,0x3efde1439889cbe15b34a62acfc250da
0x38d34dd6c90f3f10,0x20f4eaaf631c3308c3007cb168f76fd6
0x38d34dd6c90f3f20,0xe237056f714bb95ea1bfefca8f6262db
0x38d34dd6c90f3f30,0x5cd65445d05366ccb051460d9f78e41e
0x38d34dd6c90f3f40,0x9de8ddf4a4b10a7d0bc711a9eb4194a0
0x396836c77c79ed70,0x8a5082e214079f9eba95b4f6925f47cb
0x396836c77c79ed80,0x2a4be525e134e7a5273dad161c6d0e35
0x396836c77c79ed90,0x1d2152f451b316f6073665614da72eb9
0x396836c77c79eda0,0xa33c8dc3f69cd7e29e81d10221968b62
0x0361194e41a44900,0x234131e25dce8477c9e1893ec3fb3743
0x0361194e41a44910,0xb71df25e3756af5183dc01010b63983c
0x0361194e41a44920,0x45224c799cf52508aac487b171db0784
0x0361194e41a44930,0xef9862dadc8848ba6ab09995c78e0f48
0x43ce0b81fee2f560,0x48e003be5bf2b6a11b95cd28b2764173
0xcdf53f9b41023640,0x4cf4627782dcf73633744da6b58e2a1c
0x8d87b7e8ac91b720,0xcc2946f525bc36a32df19dfb5a5915c2
0x8d87b7e8ac91b730,0xd8d02c0dbb4e01c54980588c1f35740e
0x8d87b7e8ac91b740,0x4b7118acc2411753bd3a98bdcc583f50
0x8d87b7e8ac91b750,0x4b6250dae645eef27c6d07e32c8941bd
0x7a440b3413e34b30,0x6d2db46a5bb955f9315745ccccfcd746
0x7a440b3413e34b40,0xedabf3d253e4bdd3ee51bca044c0a5ed
0xc703e71a6e9cee60,0x994d799a99225957ee705259262ae4c4
0xc703e71a6e9cee70,0x5776da51f8c03d192fd8e8ebe14880c0
0x265a919055b1f1c0,0x9b3e660550835669836cd6021a54acb2
0xd4323934cda9cfa0,0x09ca574d20979829cc898b6a733db528
0xff0a837a3e0f7480,0x39175ae8c38efb8c15362c1f90b359d9
0xff0a837a3e0f7490,0xa4edeefd5140094b6ed4e645aaed8b53
0xff0a837a3e0f74a0,0x4962073ba0f9986ab2363b7ea221c908
0xa1fa46f346685cd0,0x2911cf3036bc626861af473df106892b
0xa1fa46f346685ce0,0x02c81d1173f19747e9a28f3cb9abe19f
0xa1fa46f346685cf0,0x2aad065900ac317add82ab3e28685bdd
0xa1fa46f346685d00,0xe922ba0aae055b94fdcb8a6e9265da01
0xed01d648fcc59760,0xd7d5f9bdd3e47e37817d67299de1a139
0xed01d648fcc59770,0x2141b4023e6836da0cc9b533c68ddf7d
0xed01d648fcc59780,0x3b6b8130f6874f7a36834a01bdb5ff1d
0xed01d648fcc59790,0x0aa1ee6f1b04eaa423f33d5519248947
0x32476a228ea70cf0,0x0148a3cfaaf35967ac5271669224e274
0x1756e0d4b1875940,0x43237e0874d43d6d628f2a7a27503d1e
0x1756e0d4b1875950,0x9fee75fe4741fb175942adbad0576ddf
0x1756e0d4b1875960,0xbf9d32abf28cd582af5c0b9ceaaf74b3
0xf7d9dde98d19ce50,0x79cb26d24251bdb2776adad8744f957f
0xf7d9dde98d19ce60,0xafe3e7eaede879c21541b74a180f7232
0x5759b929ab9873c0,0xe2238f5548e422fdf89ed0ff2c8cb3fc
0x5759b929ab9873d0,0x811908408a6464fd0b5846c879e32aa0
0x5759b929ab9873e0,0x45276f0fecbdaec951b8c4b54d86eddb
0x5759b929ab9873f0,0x51e1cdaaa0766bc39ecbcf97c201af5a
0x1a4a17e177183b10,0x667664cebcea20e0c497449db20fe04d
0x1a4a17e177183b20,0x1acd382443ab4db80e45aea58fdd2315
0xf8b8b8b5863a5de0,0xbd317f2fb72d9bb433f4d3e9e0db4322
0x2e001a756efa9a10,0x09d230412c05fec343305aa1725b40ca
0x2e001a756efa9a20,0x4ba74934aceb5b5af421e7e05c567c5c
0x2e001a756efa9a30,0x5774a8f0bc7300c9d918cda4d95e1ab2
0x2e001a756efa9a40,0x641cd0b73aa086f4462e8578a05206d2
0xff29867d22c0f030,0xe50071815481b307993c47c3f953249a
0x88a6966ccb6053b0,0x9450826ff23d934c29a20bc4ef59b502
0x8c39ceab26adef30,0x04cb5e626391a567684e8ede2fca7a04
0x8c39ceab26adef40,0xc758ebde5822d64549c855645e86f6aa
0x863d18c9d60bd6f0,0xf061ae72228ac24d99ac7f9f2f7cf76a
0x863d18c9d60bd700,0xec85a655c8a8135a816db439d2a679ac
0x34f956f1f780e7d0,0x75b10f2f95099cd0285f9f8a33213ea4
0x34f956f1f780e7e0,0xa8acc1eb6d49fc3c9837e3c9fe1c054a
0x34f956f1f780e7f0,0x3e85bc2ab4095a99962cd344cbbce468
0x34f956f1f780e800,0x22f062975d96425e006720b2c3ee79d1
0xeb0e9678f80a8870,0x183fc86afad2873acf05359c914ef592
0xeb0e9678f80a8880,0x6369bae7fef89ac90d5e0895d7511fe6
0xeb0e9678f80a8890,0x3306f416b09b81639ff67b314a15d941
0xeb0e9678f80a88a0,0xb5e5f25ddefa351400c99f276e4dd42f
0xb7d3589c3a51b130,0xf42fc92c048d1c2b4167fa2f20309b59
0xb7d3589c3a51b140,0xc544b042c9e6358375273ef4e79c72f8
0xb7d3589c3a51b150,0x591eb142dd4f1ac37ad8ae0b5048b85a
0xb7d3589c3a51b160,0x4ff0f84c38137f83c17fe224820df53f
0x34fef75045709960,0x4972e2d0dcdef04303f9c3a35fb1a0dd
0x34fef75045709970,0xbb9bdf46f5930c386e7f27629f95ecca
0xcbce125bda1c0160,0xdc371dfb2210f28b630f00b19bef38fa
0xcbce125bda1c0170,0xa2b24fd9f275212cb8f690fa40e54cdb
0x86d2660533d69c60,0x6ce2ecf9dd295d4db0b033504adf1f86
0x86d2660533d69c70,0x29bfce744531ff004f219ce31a8f1af0
0x86d2660533d69c80,0x4ead142835959257c10b89c02692a859
0x86d2660533d69c90,0x358a493958dbc60f29f123022160af29
0x98849640b6a49910,0x42ba9db9a0279980864d89e78fa370da
0x98849640b6a49920,0x8e0179bff5f9faf41b905635d9c18645
0x98849640b6a49930,0x0e7bdcaccf1d04cc8eb0f052f003abfe
0xf1843d7e8a00a690,0x1ae3b6381c723c20b6997df2e9b4cbf6
0xf1843d7e8a00a6a0,0x3613b453316bef008dc73e489e293bd9
0xf1843d7e8a00a6b0,0x670645a88e106701a478856a52a068f7
0xf1843d7e8a00a6c0,0xe644d4f4e0985dd30a813be624f1b0a6
0xe15b02b935331bc0,0xa54b260fb1d48b0391f2ad426965ff94
0xe15b02b935331bd0,0x56a0da9e350a2abc695d5d5a1da8f429
0xe15b02b935331be0,0xb9c115c3ef1b1beb1a63ed52172c8302
0xa842d78eec95d900,0x3723642f2bd091e2f944b930bc3dc746
0xa842d78eec95d910,0x6f6bf219627ae7a6d92685d2e9b66e4b
0x85b535edf5d6f870,0xc98b16e9b6f891e76b2d3e7147d0964d
0x234e85fe3cee7eb0,0x0ddf384691fdbb38b6e2d1e40a22b2ce
0x234e85fe3cee7ec0,0x8d40d5428c0f53727a03ee5c77b9611e
0xc92c663c430928a0,0x73e46350ce0db34030cc068d7a9f3f59
0xc92c663c430928b0,0x36c83bb29a4ac3d928e4f627ab48e297
0xc92c663c430928c0,0x59cbdf86676b9e5d91ea90bdd5134665
0xc92c663c430928d0,0x2aca8ff863fdedb4431c327f6e15039a
0x509dbfdf944e13d0,0x08f2bc96d0a776b05c3e5d9b0640151e
0x509dbfdf944e13e0,0xc078dac2bb2b26f3ed6d3a646d2b0123
0x509dbfdf944e13f0,0xa00305a5cb691e67927b9b5a067988f6
0x8e4924b8e6802d80,0x46009b526bb639cd1b2d8cd061c96b44
0x595aef240ffefec0,0xc3d0db4bac9c74e2cdeb0960a7548bad
0xa1550300e07d5b10,0xd592d2ca1926da1ba161960086983739
0x47951f79d3f54810,0x1f206b2e2e40d5cc1bb9967b19c87c07
0x47951f79d3f54820,0x3d3617798dfd001027ce5dbadce4708a
0x47951f79d3f54830,0x9ad02d70eb0b5d4a7baaa17c3b3a0aed
0x47951f79d3f54840,0x34403f39666f6fa04289e5b6e9f1c34d
0x419ed40a6b9cfa60,0x8ca5773131243f80cfedf6319bcaa8e0
0x419ed40a6b9cfa70,0xb284b450fec264ee8d6ba9fc09748216
0x419ed40a6b9cfa80,0xb3565e5427b9528c63f72b5faa07c6e1
0x419ed40a6b9cfa90,0xcf0d39bb92a7d8b4bdd8c3c37e43c0b7
0x953f2ad962e5d7a0,0x98ad235474c78b15aa8c4f547ad4f768
0x953f2ad962e5d7b0,0x5503ca916bbd4a43cd8df058be046bc7
0x953f2ad962e5d7c0,0x8870582ade8204b8a3d56b4dc5c22c02
0x76feaca0cb2d5090,0x464a9b5d3eaa2f0ad91219b5ddf65a9e
0x76feaca0cb2d50a0,0x647833785d531aa7f032172d85d3b767
0x76feaca0cb2d50b0,0xf382650595d570e110f0cb05dcf86eb1
0x76feaca0cb2d50c0,0x18c407a8adfd429f70a3eddd79fb3bcd
0x79347cd6eca94510,0x9727212f92938a3ff3c09c1aa943ccd2
0x79347cd6eca94520,0x091223431611d688e843acb103a17a29
0x79347cd6eca94530,0xfc7887009dcc3e8ff61ebff126a6c9d6
0x23c619456cdb4ae0,0xc0383551ef0646644ab83e188171dbf2
0x23c619456cdb4af0,0xa34ac29a3f2c15697c88ad60ec35be28
0x23c619456cdb4b00,0x9ec8c47825a65b8f44f773bc131e1e35
0x82562466b86dbb50,0x6084c9fcfcbd8ac84247e78b3b6ef9a8
0x82562466b86dbb60,0x734262c2dc13da676ed2a4ac0f21ab05
0x82562466b86dbb70,0xd5bd5a0b2a6c0aa27d085b15f57476f9
0x82562466b86dbb80,0xdc3c6bbb1c28d995a180b1c237569b04
0xf509203a5192bcb0,0xe592e880476f43b1fd64bfa1ac98b681
0x7582e3ae1b812e50,0x5ab8a31b7a60689a05dde624c6d8de01
0x7582e3ae1b812e60,0x2c5fcd55e777592e6f599e20400a06e9
0x2913689eda09fb60,0xe8f6fee3b686db4abfdc70726e23d73a
0x2913689eda09fb70,0xdde97098c57a5c70ecdc67dcb4537473
0xf4235c2ccfd2f1c0,0x476dd8a4483b995a9c834a7cb990c977
0xf4235c2ccfd2f1d0,0x5fd98507fe828c9b54bd103a864bdc2a
0xf4235c2ccfd2f1e0,0xa4a98afd111475f2217718acfaca0a80
0xf4235c2ccfd2f1f0,0xd2d567361d176685896642b170e388bd
0x6a33596c56847970,0xb973e941404a2d8689fdfb993787ba1c
0x6a33596c56847980,0x4100c20e5a9ba498a0647f1b5a1ee0f6
0xa802ab32f1095f10,0xee9f143dfe729797a9498f966ba714d9
0x241fec26485e5200,0x910f0feda2776fdff94cd0da156d3de3
0x241fec26485e5210,0x50464be1eb4d40858bcba9987189094a
0x241fec26485e5220,0x30422db9986f5ed6ccf196bbe9f5e3ab
0x21a43722625300a0,0x4ceb46d39fe62e363162ef95096b03e6
0x21a43722625300b0,0x4b5c31ed72bbccfc34ff496ad52583c8
0x21a43722625300c0,0x6fb3dafa6d9ed7ae0acb56bb00d2870b
0x31fdcc43fd3b1020,0x3c8a8eb9c1a1d053b71b5518810c715d
0x31fdcc43fd3b1030,0x0957f0c19157ccfe96042c219168183d
0x31fdcc43fd3b1040,0x3f377baac8d13ca07dc01482c8160df5
0x394fadcd5d1ee1f0,0xcb7033b70b571ca694ed072c9e781e1a
0x394fadcd5d1ee200,0x7608c47aa8adc7e35bb0ecd619e3bfe6
0x394fadcd5d1ee210,0x4a082de74f6d4f0130dc2737db807618
0x394fadcd5d1ee220,0x00c08143c5a428c6195f908dbd9695c9
0xfaa5e2794019dbe0,0xd82677a14b5f0fc389c936a94ab15a67
0xfaa5e2794019dbf0,0xc76f98aeedf3d0246f88c633ab07fbb6
0xa556df187145c460,0x7b50c356b081690ac73cab38250d0c9c
0xa556df187145c470,0x41d1c954107a34af5c724d49e375d8af
0xa556df187145c480,0x9641af55358db63990bfbabda5d649dc
0x2e6984c647200540,0xe46cf2ada450d1d0d35e1fbb015404b7
0x2e6984c647200550,0x4d41c1455a1a09836f4f1e48e68f7b05
0x2e6984c647200560,0xe960a9f6b395bc690c377a526fed8601
0x2e6984c647200570,0x6c58d6d23fa8122d0bded21608633195
0x98d0cbb77844e640,0xf0c5380244744ac61df7327635ba9da1
0x98d0cbb77844e650,0x9b1958d87961464b2c7ff2ed04ae5e3e
0x98d0cbb77844e660,0x40601a0d04da2f4c11279e770c132eec
0x98d0cbb77844e670,0xc315c8b0700e6a4f254373f8f349f093
0xdff2b98a0fccb520,0xe5a61f880c461b549897d88fa8b43255
0xdd05fc7af479b310,0x439e5f60c500db2cc496d47b66ce1549
0xdd05fc7af479b320,0x42e14ce97e8efd0d0279648dc8d4f7fb
0x5eca6f11147cef10,0x85bdca63a100ba8f51827e3fb99e1a81
0x5eca6f11147cef20,0x335cf88bfae203e1a7fd116ed8f5817f
0x3f796219860d23d0,0x113ed69c5a8ce27b2f70b365286c6c4a
0x3f796219860d23e0,0xe06ecd8a6a1891a54907547919e8065b
0x3f796219860d23f0,0x87a60c7c41175ae3822fcf7a6c63086a
0xc09e06153c669aa0,0x087bc43feff10c1d0e276b0f04551cbe
0xc09e06153c669ab0,0xd3cbdcdccb650ac53bc35d420593a316
0xc09e06153c669ac0,0xbc2d8aa6a15e67ce1cafe03453d9ba8e
0x0ec003b677760e50,0x6c5f61361b4c3736c314f367f98408a6
0x0ec003b677760e60,0xe6d501fe4568e46b43cc31cf3bdc85dc
0x0ec003b677760e70,0xf9dbd64899bc0787974b0fffc56300bb
0x55e0637c7d490ad0,0x6c968ec3136260403458596e3872e121
0x55e0637c7d490ae0,0x12ad7191a9400bdb88ae0b7658e3d282
0x8da28b08d71080d0,0xb4a465c3f4dc5b1949523e7016bb04c1
0x8da28b08d71080e0,0x610153bdc65937dec2f99bf18034f222
0x763cd27437195090,0xf67d231133a879fd90916a5f97ad1730
0x763cd274371950a0,0xe9e1a3d11a124068815c77ed779571dd
0x763cd274371950b0,0xe4e59c4ff2233a76f7bf8f347151735c
0xb7f746645766b900,0x9a2cb0d3d4977d0eb275a749f62e7ba8
0xb7f746645766b910,0xcb6729d4df3d3f96e66c50f19e6adf9e
0xb7f746645766b920,0x6c8c4247e594cc32d03f7108064cef9a
0x5fbb63036c10e430,0xe36b26fad9d2a06021fa3d493d302185
0x5fbb63036c10e440,0xf4207dd9600beed3ef6c59995f93f6e9
0x5fbb63036c10e450,0xe2b1c6c98f2fbda2b50ad6d5634743ee
0x5fbb63036c10e460,0xb1be25a8d1d1f58fb5e3cfbd483b7b7f
0x606db8e5ccc8a460,0x317f1e9b2ee6c16d351e7fc8d6ab5c68
0x2bc246f3bd247b20,0x23500fcaad785312739c3ae2fda93f18
0x2bc246f3bd247b30,0x68c316e623bae9a976c6bf55a9b932bc
0x2bc246f3bd247b40,0x5a344fd7a13429cefb73ca968a5dd636
0x2bc246f3bd247b50,0xee51686507afe1c51f3750f45132a763
0xaa3e06f95351c340,0xead6b26ab6600ef91f4e7e4c3417ccdf
0xaa3e06f95351c350,0x0c6145959d7c58825ce32ac34a1e1ea7
0xaa3e06f95351c360,0xdf72f5b5701b0592b2c6fc8018051e48
0x9e051c9456cc6520,0x69259d812a2e0ea75834aeaf0f332bab
0xd997e4bf209fd440,0xea1f7a9391340a41933392937a04a0d5
0xd997e4bf209fd450,0x016e1c7c62e32fee92931f544dcaf1c1
0xd997e4bf209fd460,0x0815f8138802bd32dc6b7272de9c8d98
0xd997e4bf209fd470,0x2a865fb4eda3852f378f48ec92b8a1e1
0xa77440d1d6a816f0,0x743ad97ed04227b3e98498cdc0648c3c
0xa77440d1d6a81700,0x8b42dbe49c1920ef9d74c55356883b7b
0xa77440d1d6a81710,0xc29e1c4f19706b9ba208bc2ba7211de8
0x7c39c32a72916b30,0x6ca812e0446fae5b7acbf932e154d19d
0x4b547ed3c9121340,0x2e842f51b36e40a0897ea88d889616ef
0x4b547ed3c9121350,0x9f4fdb4cebf1aa33dee40a1e6fdab29d
0x3f93c895fc14b7e0,0xe4ab797ca13db313a6838380ef5d1e2b
0x3f93c895fc14b7f0,0xaab8ef95a4b49941b231466cbb447105
0x3f93c895fc14b800,0x04502efc1db1d12e5177fbcf6b5866de
0x3f93c895fc14b810,0x1319d5124c4649dda290f0f53500c00f
0xe64f7d504b080770,0x3d8abfe328059a51fabff551d0b07ad7
0xe64f7d504b080780,0x01c94a077e7e078085505347a626ac79
0xe64f7d504b080790,0xa42424067c63770821a2d9a0c07f6b5e
0xaf3aff3c386f5910,0x4e1fb078f81dbbf30f173d8bb7bd77ce
0xaf3aff3c386f5920,0x31d8a17a8953ac2accc5c21e83ce4772
0xaf3aff3c386f5930,0x37ab26b4e02204a089ccc0969ae55d5b
0xaf3aff3c386f5940,0x67a73ff9816702841d62367eaf647046
0x5198ba274329e490,0xaf79437273972e0a0d10f74b56faae4d
0x9d0c736345bae810,0xac8fdf70ea6bed22884871bcbc09e752
0x9d0c736345bae820,0x3f1eb5e4298257ba4b31c7de391b0ae0
0x9d0c736345bae830,0xf1091282337c12f4fa6c1b68ece89b85
0x9d0c736345bae840,0xfb47c30a3e23ca69bd48b2587d9e3927
0x58721ad4d15455a0,0xb77fd039924ab4e2ebdc732a303b5a50
0x58721ad4d15455b0,0xc9ce779910160550262894d153710d59
0x58721ad4d15455c0,0x349eb14bc2faf63731920482626a7f3e
0x38f71af946801560,0x87f663905f230e6d8f356b90ad386c4b
0x38f71af946801570,0xe7f63ec01bf4331b9bd657abecb8739d
0x38f71af946801580,0x648a1e4bfccb11625311cb54a0665299
0x38f71af946801590,0xfab8ee7388fb786c1e46c5955e817bb5
0x816a03fba7a120a0,0x63bf8948ba7bb4f25b1e40caecbac14d
0x816a03fba7a120b0,0xde047110f36418a05939ab398f22c548
0x6937d083d6140150,0xb808097d7c4b7ab1be19836cca7623ab
0x4dbd90c8f6903040,0x7ab08ef089da2bbb57561bef07c05f03
0x4dbd90c8f6903050,0xabff0cefd19c91fea8abe4a51e544cc5
0x4dbd90c8f6903060,0xb817bbb78f8edbdecd234509ef85acba
0x4dbd90c8f6903070,0xe9b3cd98e6b30412ddf089a94c8a8e2b
0xe8bd94380aa57c70,0x2e7b259fc37164aa95fbda85c6c017dc
0xe8bd94380aa57c80,0xdfdade0ea9b0a8ae4f8529fcca8162d4
0xe8bd94380aa57c90,0x7a40240ad297a1895710c0602ea29ca2
0x6db8b1786e3624a0,0x7aefa28728dff27a30c6a6477a5d92dc
0x6db8b1786e3624b0,0x0aeaebe231245fcbc6e444aa0d068f76
0x6db8b1786e3624c0,0x28d483ca005476c7d8f9a9cc7ed61fd5
0xbd9fc617ae4a5c80,0xd90aea601f14f1c8afbd507f1cb2cb16
0xbd9fc617ae4a5c90,0xe77bebcf874179713063197a6d9b582d
0x1e7c6252291b91a0,0x83673f0a55dcee03dcb5fe026bc092e0
0x1e7c6252291b91b0,0x750320d7acf2ad7e39b07a24c285676a
0x1e7c6252291b91c0,0x32faabac1c1b009e1c793cde0f4564fe
0x1e7c6252291b91d0,0xf83e6cc11aa6b72c1af23cc7866f6799
0xbb65687cefc95940,0x544f3ff82a8a24c07ecf1da5a3323af3
0xbb65687cefc95950,0x332177e4aac8b42ceb11f63ceddc05fb
0x93a27c9d050ac8e0,0xaa6fd1856fe84fa960ed434d732df7ec
0x93a27c9d050ac8f0,0xb0791b94463f2dad350000267927eac4
0x6d62a1917dde33a0,0x047e7966d91abc799d3a2bb654d244bf
0x6d62a1917dde33b0,0x1d77c02ed9249e45083a7379a850d907
0x6d62a1917dde33c0,0x708e308a7875be9799fff4ba97bbd507
0xefb0512f3e5dcc50,0x0483bea650dd55ec305555bffd04a69b
0xefb0512f3e5dcc60,0x0c9cf3501af459dfb60bfaff9fea730f
0xb8e32a6b990ea430,0x45f4eaa8643d0eb78904da261b2fd815
0xb8e32a6b990ea440,0x2fd37e43cdd1e1663317f126a0cb72ad
0xb8e32a6b990ea450,0x380a9d60756132a4739f32497038f3af
0xd34e976fdf803cc0,0xdd5c4caf1a4e08cf7ee1f0e59f995992
0xd34e976fdf803cd0,0x2d77c2a98b680b6a6c9d94e85ccc0c1d
0xd34e976fdf803ce0,0xcca02f81a512090c68ec562e0059835c
0xd34e976fdf803cf0,0xe9c76a8620b932359c0c7b1e923016a1
0x5e55ed3fec652ba0,0x32d2f2288b66d9c387d7563bb809c164
0x5e55ed3fec652bb0,0x3445c150ebae29deb77920beddea6243
0x5e55ed3fec652bc0,0x9e34bd9b39f098da5bcdf979ed30655e
0x5e55ed3fec652bd0,0xed9e2e72a37d7380d02647837feb1681
0x9ace0187f94dcfe0,0x0ac1f14676c8c182d73be5adae9337e4
0x9ace0187f94dcff0,0x50b7865f338ad4df523ac49a8a6a7ef2
0x9ace0187f94dd000,0x534116e3074af7dc29c4a8b3d71bd58f
0x9ace0187f94dd010,0x7d9a8481de248f01fdcafb55d386458c
0xaa5a3489452948c0,0x06662e6c980beaa803ea4544175e00ce
0xaa5a3489452948d0,0xeaae3ff9e253ab7a77e0b34ae6a12838
0xaa5a3489452948e0,0x15f33777263c32210c099d16f195a9bb
0x0a37927604e7d970,0x73dea062bffa08832d807fd49cc214fa
0x0a37927604e7d980,0xd56a5e5a2627f1dd9860696ced93ced3
0x13b597c4b32c7f30,0xa640d0f5f9eb611d327706c76ac04ece
0x579162f7d96be2f0,0x9d2e5daa378827cebcab7a91183947ef
0x579162f7d96be300,0x96721bd0ed1c78ff4f53f5237a470ddc
0x579162f7d96be310,0xea430e3ed5165c121af7f96ec0f9e07f
0x579162f7d96be320,0x1240cecbef0b16a908141afe05ad33fb
0xaa21168e20914800,0xa2cfff86fae0072f39fc7c2d8a260065
0xaa21168e20914810,0x3d8bb235910f8f667311274d0ca97ff3
0xaa21168e20914820,0x97bfe2e4f6df19473fff1ee0f5fddc69
0xaa21168e20914830,0x489594ed08dc3d4aad92540e3a0a23a6
0x522afb96bf5b52b0,0x80d8241f4e4b41a12e21e8f7defe6dfc
0x522afb96bf5b52c0,0x388beaf334134d0500dd5b3e1aa92108
0x522afb96bf5b52d0,0xdda72833e1bfbdfa89c2bc115ceea833
0x522afb96bf5b52e0,0x552bc38cce0790d75f7e38982ddb2eff
0x0ec168c9a0590a40,0x95efbec5ef2d2a65ede4f2bc001b10c4
0xb775f4f0adbba690,0x5b893524ae4d75b8e2b3ab70effb0584
0xb775f4f0adbba6a0,0xd5ce1a9a35cada6bcce922761eac1be9
0x7b4ab21ba8783cc0,0x699bc8420c0a80c3dd7087fa939b9164
0x40846a6698d230c0,0xd171a79811a0375a2d0b4f43e48b7911
0x05b827dcf75f5cd0,0x64426c12d8ea05db4c9ae79cb55dc17a
0x05b827dcf75f5ce0,0xbcb7b35d682983896110e83c1a44cf29
0x05b827dcf75f5cf0,0xb18f3aee34a25626c04bd39754a9d898
0xe188bdf5d2c9ece0,0x73afe457d2ebae9d5066efdf627edbdb
0xe188bdf5d2c9ecf0,0x25e1cdedbca69710fcd3e74188ef1e2e
0xe188bdf5d2c9ed00,0xbc3ca3ca18f7c9f791bda48ed00a99f2
0xe188bdf5d2c9ed10,0x9eb7e4e373df18f6484fca5fc72a5681
0x25b09e481ca1efa0,0x46c919994187bdc0aa20ccea22e87c8d
0x5755f4a05962ceb0,0xdcd810f038c25b808054c15caeede40b
0x5755f4a05962cec0,0x970ab2513c1f35ebc15b9b39f429b92b
0x4d543a0eb3e5b7e0,0x84185d2d1ef4dec63a220bdef08275f0
0x4d543a0eb3e5b7f0,0x6a2ac680ca917dfb7673ff45ba4fa3cf
0x4d543a0eb3e5b800,0x45baf444bb7e21bfdb2ffda39f013834
0x4d543a0eb3e5b810,0xc40421fb18fb3f2c1602a43750ea62aa
0x8888d15e7eb7a8f0,0x2f8186dc75af223a0f0ac1342e0d14ad
0x8888d15e7eb7a900,0x212589157b10077cbf32e5f786bbc79d
0x0f32e3157a2b15d0,0x45edf42f3c5a74fdfe3b6267c382ecf9
0x0f32e3157a2b15e0,0x5486d9d6f9de976cfed602ebb300b3f7
0x0f32e3157a2b15f0,0x5394eee9dcb204dcc9dd6da069ea1f64
0x0a013a86fbfa7540,0xd4ff9d2a91db735edc21b3e8502e4f40
0xea78c8cae1785bb0,0x43abafe9c6073b62975b8a094d5d9fd0
0x8d82d8aee5286510,0x237d19a434fdb434d2cccc3736fb2262
0x8d82d8aee5286520,0x6082a917e1a21c487299bb559dd3d38a
0x8d82d8aee5286530,0xb5e4a3c8d11dcd8cfe08e8f3d121f56e
0x255ccf51f3e77c60,0x3dcb71aebd845e770ce19926aaad4b0d
0x255ccf51f3e77c70,0x18ee4498f14e268afa195921ecfd010b
0x1047111af5dcd520,0x3f6b772a3127f05b0a964cb9a62a24d0
0x0c7233c7febd7770,0x093c656eb5fab19e4c3838a24b44b4f9
0x5a4a65b6f3f2bca0,0xa819b751743809262bec2a5248d79878
0x5a4a65b6f3f2bcb0,0xa67db9d63087479fc11bd09f6d0e08d4
0x5a4a65b6f3f2bcc0,0x17ef98163e6e6845bc97d93afb5c8295
0x9701c3d37f796c60,0xe0def1a0742aca38842aab1ff7e9735b
0x9701c3d37f796c70,0xe8aa5c6c8663ff0eb1cd95698a0b7061
0xb83d667c7e57bf30,0x085698d7a91b2a6f1f4db3e620b293a9
0xf77a9ea49e99e7b0,0x6b1c08c4e469f10892894e79be8b0f6b
0xf77a9ea49e99e7c0,0xd598baa1ad8bfe6d342d161736b7e56b
0xf77a9ea49e99e7d0,0x5dbb6712374a6827b4a9ed2c0123ce86
0xf77a9ea49e99e7e0,0xc9722ddf4eb8ea9c2a81b7c8bdc51062
0x68a08ddbe338b9c0,0x210d8698368f215b56d8e9f38a73d028
0x68a08ddbe338b9d0,0x0f23d695213122a21662cd634b10b8e0
0x68a08ddbe338b9e0,0x212178c70ce131dceecec05154b635d8
0x68a08ddbe338b9f0,0x1c24bcf687e8b9a711168820a76d4b32
0x30cee3671a392010,0x825979829bd14023ba164bd79b6e9d9f
0x30cee3671a392020,0x3bb80f34ce6fb966032778728ffe34c0
0x30cee3671a392030,0x70069215929b5ca4020e76f02a336ef6
0x30cee3671a392040,0xe173a9c04a6f7151df0540c543a5da63
0xadb4fb02e253ed00,0xe67383496fc7a8bd8e5c9abf9adf0545
0xadb4fb02e253ed10,0x71b38bddf7c69c104d71a65b74c6ff01
0xadb4fb02e253ed20,0x6b6343c58b132540984af46c381cfe32
0x1f3fd2cd335a1b70,0xa18b020ed04ed07f5d29a600bde2ae27
0x1f3fd2cd335a1b80,0x3e0c2b9a901355e7a6fe834fa6bda493
0x1f3fd2cd335a1b90,0xbc1e8145dc309b69a8bb3cd3e160a1c9
0x1f3fd2cd335a1ba0,0x11818f74addb5678801fa46305123151
0x933cc2c7a78a25d0,0x6f6510194f9d9bbbe405823414ab0236
0x933cc2c7a78a25e0,0x9e0394e76f34ae62c01235204db98f3e
0xc06045b5bde11e80,0xed5dc37361d8d152bb7144375cbb509a
0xc06045b5bde11e90,0xba13ca529bba3d9bb939626a5da7a2f1
0xc06045b5bde11ea0,0x35d1f3f4d7a9c5ed61f05f79d56da186
0xc06045b5bde11eb0,0x020d8a8fe5c7120ef1232231500474c4
0x26e0e537e1de3de0,0x38820ff2656930b895b3069069a0b733
0x26e0e537e1de3df0,0xe6a4ea773ad93abe1ac45edb9be6a1c7
0x26e0e537e1de3e00,0xa042039372a8583d44e3a656f5bf29ac
0x46ab92d9f2569b50,0x5c9e04dd3d2e80fa0268416a0c18f41d
0x46ab92d9f2569b60,0xa03cf061a8a7d3daf0591d22555c03bf
0x425fea712cbdb870,0xc78ad66d4a9bfc00192edd37379c05da
0x425fea712cbdb880,0x77059fa856be7bee667c4de762f8d20a
0x425fea712cbdb890,0x11bf3e48abb797051867e06dbb0250b3
0x4bf637b494307150,0x71899b9470b600c406b1b0ea29db292a
0x97342123e3ed9630,0x05cc70a1a49266c9d693bf1177211931
0x8fa16d27d7fc0050,0xee5be9b92aab7c8854b9fb20aedb5e9e
0x8fa16d27d7fc0060,0x3e48287d284884a255e5c1d9b0364ad9
0x8fa16d27d7fc0070,0x18ca01b52b5deb8a645d327b7b19062c
0x8fa16d27d7fc0080,0x18cde78e74a2daf828caeb625d934080
0x78e1c5e6648b1a30,0x44fe27c90517f6188e95ef6ab6757f65
0x78e1c5e6648b1a40,0x6666bba2f7f1fe71c6edb26fa1f81ae8
0x8d5d97908a2a1b80,0x146672ad4b9e091349e19b4d61c668ce
0x8d5d97908a2a1b90,0x4a1393ab39b3c49db26c687c72f28cf5
0x8d5d97908a2a1ba0,0xceb4d20e3d0d4b35054e5126795300f7
0x6c77700a55d62f90,0x0a09ac26fc1771ce4c6aee622490a429
0x0d6a3b56eaa78470,0x18401176e0091eab320871c3004b5ecc
0xd50413fa9c1607d0,0xf3b8b79a8201af9783e667b4f1b35f7d
0xd50413fa9c1607e0,0x13ae4690af3cd650e6fbb698d951dd59
0xd50413fa9c1607f0,0xd4b6fe7ed23731f69305a65a2c1f024f
0xd50413fa9c160800,0x9f145852f153916b50ed151c2b57967e
0xd3901a57e5456670,0x9dcc668fa4007b485c531539d20c450c
0xd3901a57e5456680,0x4a51de416ac85f42a9c0fdec6c25aad6
0xd3901a57e5456690,0x95c864e76849838267b41f7834e9ecf5
0xd3901a57e54566a0,0xf01688e4b43bcab8802b7d666abb6f15
0xd3ca44770fa2d270,0xd3c401d04bab6887b3975da9113c88f4
0x166da609aa80ddf0,0x30a407e9923e267ef117f2741840bff8
0x166da609aa80de00,0x4191ef716fcc8b274dadbfb008b4f16f
0xbc5a96a22854ce40,0x4c05e70346a1faedb8b69abed5cef1e4
0xbc5a96a22854ce50,0x5fceaae665a20e0ae15100dfb36f6e30
0xbc5a96a22854ce60,0x3e524f70dd618829ef78cdcd3d12928d
0xf99d4c7767a84e10,0xd2c8ffade980e670c0773fe04825a5c2
0xf99d4c7767a84e20,0xd6f3d9032b28422234cb41e1e60d2ada
0xaae1d0eee5efdaa0,0xaeb6eef8eef72f9edfb0d7609ace7bd2
0xaae1d0eee5efdab0,0xd31693b73007a6b44a4fa6a208e58a37
0xaae1d0eee5efdac0,0xf152ff17a56fc729228b9fac7cbb8f4d
0xd759af908fc13eb0,0xeecb810375f31bf45e96c772358221cc
0xd759af908fc13ec0,0x20c5716a876a516f3a5bdc386c78f197
0xc740516000f840f0,0x1fc5554c8a6fe77386dd3b65673ba5c0
0xc740516000f84100,0xd3e5013e0cf5412c7694072942b7c57e
0xc740516000f84110,0xdab957917bd042c350962d28c5569194
0xc740516000f84120,0xdfd030d2232dac757c208bb30de5a69c
0x1d8a5b3a3512cca0,0xccf2ea43558c5ac43c000d99566221a7
0x1d8a5b3a3512ccb0,0x8c286cd46461d43b8e1ccee97a658913
0x1d8a5b3a3512ccc0,0xd35a3a146437f9203b10563a31389027
0x0466c0c7d5a4c1e0,0x3271dcf60071ec94327bf1b37039d22d
0x0466c0c7d5a4c1f0,0x842645209be1b42f4f118ed83a08493c
0x0466c0c7d5a4c200,0xc189fcb97c0910961770a5062ab6df22
0x0466c0c7d5a4c210,0x2c73746464022306649c7312991cbb26
0x194a5bfdcf3f0e60,0x1276bb2e185f965898ed21757ebada36
0x59404fbf673d6190,0x59d554ec90e0fdac78de437c0164e439
0x02456240a667e110,0xb3cb362259c21586320cd72124d6635e
0x02456240a667e120,0x04c2e32cea56fc9c0b1d92803f2630e3
0x02456240a667e130,0xea40451f2fff64d5db47982941ee6cf1
0xe8c77b7b86b9eea0,0x7d3c5d71b41827e1a97daee14dd15ed3
0xe8c77b7b86b9eeb0,0x325c1827df19f370b83271ddd91f6f79
0x266cb656c9295010,0x45f64f338cea5c8bc48d0ecceb412b13
0xbf35cf4bb8b12050,0x40e1a7683cd1795081d1596adf595c7c
0xbf35cf4bb8b12060,0x509e72632a8a99528344866204a4211a
0x3bc3373bd196e430,0x1b152869b326ca45892af03ba5adf53b
0x3bc3373bd196e440,0x15e00003d84d858b475b4c14f8462054
0x3bc3373bd196e450,0xe95528be759bf9c4d625e7c45775820a
0xd856bbb08bb2de20,0x29cf0d4236771ea6418b6d331551de12
0xd856bbb08bb2de30,0x8ca9db0b53475d8a44baf4271e49dc9e
0xd856bbb08bb2de40,0xf10f835c81fa55ad573f9cd6041363f5
0xd856bbb08bb2de50,0x7b21fb005c151b782751d21300271097
0xf060f172a84aeaf0,0xacc99b97fd77a1a8e9e9d60bc844a165
0xf060f172a84aeb00,0xb6e3e228f129ddcbc6bad39c463804a1
0x5cc931187fb5a230,0x6acc59ee9875f4f2bfd8130578cedc41
0x5cc931187fb5a240,0xf57458f9bd16b04f2cf6c298413b5c6d
0x63c1c709d701bad0,0xf3bbf976ee663bc7486ebd7681652265
0x63c1c709d701bae0,0x298bbb3ae69fc01b5b8ea83740d4e357
0x17bab888792372e0,0x4130e95e38af9fe5dd34d576507a69f6
0x17bab888792372f0,0x6d96a0442b1625637166a287c974a4b3
0x7c1197462fe6c4a0,0x7b3cb1db792613ac217546adb386ea06
0x7c1197462fe6c4b0,0x5c1985fceda86200bbf601818edcdf3f
0x7c1197462fe6c4c0,0xad4802579c1697c5af2b8e1bfe5f2e3b
0x7c1197462fe6c4d0,0xb34ae6dafa4e828fc357d8f18099d335
0xb470589210c23880,0x7f6bb6fb60fd118850791d41d7c8c77f
0xb470589210c23890,0x673c2c1486480bbe9f76d9fa65a6b899
0xa5bad88595bf7b50,0x3934e03c38dff07f714a51398e924aa1
0xa5bad88595bf7b60,0xa25df0687846cf56687c817e8e850b2f
0x87b92b789469d520,0x79d7e05aafde15eca7b4913b56243f64
0x87b92b789469d530,0x468bdb708b6e6609f5b9cc006c511441
0x87b92b789469d540,0xf8d1cd15e01768c509c0fbd49f3176c0
0x87b92b789469d550,0x302373be3a6d7a7e16706465126bbdd7
0xa7e93a80fd99ff20,0x8b15d4582cc52234d8a7019f898b7301
0xa7e93a80fd99ff30,0x836cf99b3e486b653a6301f567b89976
0xa7e93a80fd99ff40,0x5dbbca03c3c2b7da05dcb25e1698f0e4
0x798246e666f4ccd0,0xe4f78188ab8b1683251b95d40f633fda
0x798246e666f4cce0,0xc2ef4084ce86794b5d463576b07607d1
0x798246e666f4ccf0,0x4e5386091f92c54bfb98c8d5988d3b07
0xa90a684302bbc630,0xe94f51b2cf74544302483212f7023321
0xa90a684302bbc640,0x00285474d00d16ea9dc0a98f4ad9ef2e
0xa90a684302bbc650,0x99983c29fcce2fd20fc98aa3dab7a2c2
0xdfa149a35ca87880,0x83f2eddc158f522cc95e4d5759c6d80f
0xdfa149a35ca87890,0x94ebdc26e237c5d9e076afccc5a26b0e
0xdfa149a35ca878a0,0xf9dded0c058c4c3d47be16e8d5bc077c
0xe5665a4df4296e60,0xe051d913557e71ee8d05f9d4df909777
0xb66da8e3a713a2e0,0xa71619e64c661c0fc6ff4b76500f9914
0xb66da8e3a713a2f0,0x2c5f4867f22c260d5d02833319e86575
0xb66da8e3a713a300,0x75333dbab3918ab7096017247e7c6aec
0xb66da8e3a713a310,0x5e83e5414492cc126e8181f8c958a770
0x9c1fdb593f332960,0x1d915117fe4e460f875dd2e3e3b9c7bd
0x9c1fdb593f332970,0xfd3c0dcdcacc0bf0fb9faa0b34b37284
0x9c1fdb593f332980,0x2b96d0ed4ed41517d92266b562133ac2
0xc6cdc9e8b82bb180,0xef77324560ac257b1cec53a1cdb4b13e
0xc6cdc9e8b82bb190,0xccc6de1fb0ee761b0935d6cf3486312b
0xc6cdc9e8b82bb1a0,0xe54b9b00a87ffde47d93094a35609f2a
0xc6cdc9e8b82bb1b0,0x81fc446b5658b8efc6f4d4babc9b805a
0x7db4aa2cf9a31bd0,0xbde63c4fdf333f14b69da0dac0f4c7a4
0x7db4aa2cf9a31be0,0xc307fd763fe6fd18f54c01fd7a0bdb39
0xcf1e6ccf9ad098f0,0x938d45104ed0cd4d5850e5c220a22b16
0xcf1e6ccf9ad09900,0xe1530b8f848d67442489373b75fa9dc0
0xcf1e6ccf9ad09910,0x751c368015cb29274ea1871534708c02
0x5c0336c12a173c60,0x7a382a53b4273b04834074d0f06da6da
0x542c5cebdc3d7670,0x1704e146312c0940a49778e2194c955f
0x542c5cebdc3d7680,0xf0740b850ab765a461e5d4398b3d69b7
0x542c5cebdc3d7690,0x499e9ebb93fde11fb674bb4c633609a2
0xcd3ddc5d589e6970,0xd58bac20b07f037e359efb028ecf3f7a
0xa5bbcebfd242f920,0xa229d3dfc0faf70f6fe2b89d297a2fa0
0xa5bbcebfd242f930,0xd82d87e4404081194655114404f896dc
0xa5bbcebfd242f940,0x4b833e2073bb649a009634b215d3c9ba
0xa5bbcebfd242f950,0x5dcfaefce1eac6fac7382fd946b82037
0x0ad750469ea42460,0x251a45b200714bb79b8ad161327d01d0
0x683ed209e7e5bbb0,0x19c502db1bad72f550dae03db25b8444
0x683ed209e7e5bbc0,0x157245a650d2b98b3def65bfa46d6bca
0x683ed209e7e5bbd0,0x885811a52df0fd012ded524ba057b678
0x683ed209e7e5bbe0,0x7c6000ecb464a07f3c4439abcbebc040
0xb76ba3668250b440,0x83ce962b456f7d31e5c85b5155a7b1ba
0xb76ba3668250b450,0x90ee93b91bfff4d071a48a0161c02f4c
0x14aa57aadfad1240,0x8b8afb484b5f467ccbaecc6d5839fa50
0x14aa57aadfad1250,0xdf85e6bfe2cf0ef50ec178acbd797e9a
0x14aa57aadfad1260,0xf9e78a222ebda4e75f26595e0c054854
0x14aa57aadfad1270,0x84ea82e35bdfd8143f3d0382194cceef
0x777361315b434e00,0x5aedb7243d49659f77106d15cdff3c31
0x777361315b434e10,0xc68ba1d3f1c37d639f51958a94b643ed
0xe43ed5f7040874f0,0xbe6ee166a528419ab16222de27dc7d9d
0x31b171b6225f39f0,0xe152aaa9cc01bc9b259aabbe6f187807
0x31b171b6225f3a00,0x2a2b8bf9345ce8cb0a24076ea335cb03
0x31b171b6225f3a10,0x05aa62fab72f51d3ff4db03d8f56198e
0x31b171b6225f3a20,0xf57bbe581134ea8cf9e7168e356a509c
0x763f7abdb6026e80,0xc8466f9c4563a8eb667efc9585d40ed2
0x4826a222471d3e40,0x22a0894b3df66b5e064c0fef206eb611
0x4826a222471d3e50,0x8ff27c2734586ce87f5885309cb2915c
0x4826a222471d3e60,0xa9ed0290dde763638d8bd6e8f95a1656
0x4826a222471d3e70,0x7ffed37bf418d36fe5a620127eb873a6
0xf12e50e4ea4da1a0,0xcf956635d9c165b3380d30b4ccfeb435
0xf12e50e4ea4da1b0,0x9a7cc3b3860c7c6d04aa8f0fbeadb749
0xf12e50e4ea4da1c0,0x44ea95577e3aea20133df6e9b5b31718
0xcbacc1598e3321f0,0x65175f8d04a3e1762871968c27f20af9
0xcbacc1598e332200,0x1b2497e5d70568943ebbedc597387260
0xcbacc1598e332210,0xe20cc7a823da6f37c2c5538ffe7044e7
0x2645f7dd216c9bc0,0xc0f7cb467d9c104f3886c62eccf9ebd4
0x0b9714b05ca50420,0x121836b88c5574cc785f60a737668856
0x07856a204eed0d90,0xeef72d97eb98f113f546e1d038de7573
0x07856a204eed0da0,0xc29aa86e2db6db1da33f17547c261b43
0x07856a204eed0db0,0x5801f10ce7c7b483ed069ebe3cd10068
0xeacef95f511cc1d0,0x0b0e52d50be1a657606ae32b89877942
0xeacef95f511cc1e0,0xee1914160409a9978408d6d9e8dcd884
0xeacef95f511cc1f0,0x3dc0a91c124f4f608d03deec2f5a0b3b
0xeacef95f511cc200,0x8dcde1b3c8b7cf16ade3b5be7cfc61cc
0x02cb637d7143f8f0,0xc04db309ee41eb04f811b567201a55d6
0x02cb637d7143f900,0x73eb984b2b289138e6a44bed0b33d390
0xdb881f17d0af5250,0x01c3ba8a7790ffbb3b193b0c398a306a
0xdb881f17d0af5260,0x52863cd3658df18fd5ee9dd716d9b315
0x2c4533ea33cb1b20,0x8f0d3721d764106199d081bee76fb887
0x2c4533ea33cb1b30,0x16a31263834cff3c409936ef40dd73a3
0x2c4533ea33cb1b40,0xcc977c6bda927e28cb6a4e4df44002b2
0xbeb40c32ade8c240,0x0353a7da07b31f460330dbc8ea7a5b57
0xbeb40c32ade8c250,0x130da9ec33b76e265dcdb9e83f7d3e54
0xbeb40c32ade8c260,0x374e43770ac9a3e9d8919c6134f3b6ae
0xcc4010186b3c6860,0x7e48a1c8ef4d478ab195c85b1a78dfc0
0xcc4010186b3c6870,0xe1d49a0926bbec32b045ca2fe01714ba
0xcc4010186b3c6880,0x5bf3e13c01dee1a19a01a7096cf85508
0x01f71027555c7e90,0x86b2c2d835f03ec5442041ca0030f3fb
0x01f71027555c7ea0,0x2d36b87fc083c02d8c00fe4c931c8594
0x01f71027555c7eb0,0x7976a0f99b5f43b06485ea29b6ab174f
0x01f71027555c7ec0,0x33fd21eb7dab6e71d961edfa905888bf
0x9709703ceb5784a0,0x6e48ba728bd97d52e8bb304c5ccd955c
0x9709703ceb5784b0,0x6f9c2d00ea0d57eb4b8cf4138556eaef
0x9709703ceb5784c0,0x7d6dc43948a787be40558dbbf2504339
0x9709703ceb5784d0,0xb323592ebd1542c9180287ed9a91e752
0x85fcb47763ba97a0,0xfeaf19d064bcedcba47bc229a657227e
0x85fcb47763ba97b0,0xb7e106f4a7d29a38fe7654e03112109f
0x85fcb47763ba97c0,0xdf4615dc9223e12d604da3540eb5d9cf
0xcac342327da41e40,0xe1c9929f1e510001c47ee65a698d01df
0xcac342327da41e50,0xcf75bc58fd7889efd32eda0f5a78b2e1
0x12b269e03e6c8950,0xfe7a695b4afc3e3aa6c19f8dd741222f
0x0d73f5596ee62710,0x1b40af69c3834e7ad0a8fd4340ae21fd
0x0d73f5596ee62720,0x607caba49387f160b79307b2b3975b23
0x0d73f5596ee62730,0x5fb786f4f61ed23388dd9e8635a55bfe
0x8a36d03011d0fd50,0x1f2ae264c8bb01febfb6230d6057b5b7
0x8a36d03011d0fd60,0xd81daf9584d234132e7081b480f74263
0x8a36d03011d0fd70,0x2c9ed81435c92d95728658301ce06fbc
0x8a36d03011d0fd80,0xdcb7c7fc501162ddbe3344a0bb1f8311
0xb6eb3b81b26d1e80,0xd7e7ea726a65113d6f94ed844cb0ff1b
0xccfcd80edac72560,0x2de4e15df26bfc7adcccb7497ef4823b
0x649ddd510339d230,0x36f4851f431d779adec340991ca7b806
0x649ddd510339d240,0x301c873062fe8d6895f45a1fe1d292ab
0x649ddd510339d250,0x19cf40ca16b9315aeea64d23eaf3913e
0x649ddd510339d260,0xe58b85706766ec38efdab5241ea32472
0x5cdaabc51dbcc130,0x90fc2f5b3847cd1e8731f19ccdb3c99f
0x6222cf78f66221f0,0x9ed0c113f52a29448d739eeff1810962
0xd039fca63c78c6a0,0x1841c24912882f6000073cc2c801c67c
0xd039fca63c78c6b0,0xc6adad4a37c6c427bc67b332a89dd114
0xc41c918631f53820,0x601031fad1e06f003f9972f196535180
0xc41c918631f53830,0xcd8801dec51e4f7d62b7aabd1be4143d
0x3f4fdb9b15ed9d80,0x3331cc055ca5b513acf6e8e95d8ae987
0x3f4fdb9b15ed9d90,0x5380531c09fa0833e2fe66d1cb64acd7
0x3f4fdb9b15ed9da0,0xef5e39f3b00fecf4d53a1c3a83ff0b3a
0x23b1fa5b983203d0,0xfc01694a1eaca5d5964cc436f18e44f8
0x0e52cbc1987de8f0,0x561f7e5ee771ebab8fdf98182142373c
0x0e52cbc1987de900,0x137e21d5189c0ffcdc91b762b04eb32e
0xc485009cd4f604c0,0x872fe36142b28540224bfb0d598d5ca2
0xc485009cd4f604d0,0x4716a271b69c39b9a73d23a6796e76fb
0x26d89a8c5324e280,0xea9f3eb8dd1d62d3162227978f9875b3
0x26d89a8c5324e290,0xd02cf5265662d87b7fe5c73f1b7a4ea3
0x0a30a255290819c0,0xd7bda79106de025e03e982fa4696db0e
0x0a30a255290819d0,0xa9800a11425aaf834eaaaa65142f4290
0x0a30a255290819e0,0x6b486220e354f6ae6d195acc5167c254
0xdfa4807eb1a1ad30,0x1cce93d1e5c823616d20022ada5460b1
0xdfa4807eb1a1ad40,0x4e2cf6881adf1bdb6fed84ebfedb852f
0xdfa4807eb1a1ad50,0x640295172a9ec86843f2636e72050a31
0xdfa4807eb1a1ad60,0x6876826d9173c6c921adabb79a62513f
0x80869f58e9596420,0x47006868578e651a0a99908598f1d552
0x80869f58e9596430,0x8e13c327b461cc8f6e1625f34b4444b5
0x80869f58e9596440,0x4834bb3a05147fea96447c047fec7d97
0x80869f58e9596450,0x3183738504d35f1f6d096ec0fe51894d
0x81e210eca57cf820,0xe7fcfdcd398e0b7aa6ee8026f9e65cca
0x81e210eca57cf830,0xed8441566a686d6ffb30673605fca7b7
0x81e210eca57cf840,0x3949ae4b87ea36aa971056e21584ab4d
0x61a913ed947a59f0,0xe13ae7166084b2b0b5fc791faa3091ca
0x5a24e7864af372b0,0x25edfea9269dc3b6c74093ac314f7e99
0x5a24e7864af372c0,0x7e6f332d367cf0887f4ad1b5a72fabab
0xafbd57df46121540,0xd1935abb42cea88627c8a86a03fd60b3
0xafbd57df46121550,0x701688a2a15b79b61385375ca1f0c098
0xafbd57df46121560,0x6ca32e8b3df41cf488e06c19827f2b36
0x5e4baa2aaeee1050,0x915ad4d14700a3cd6d3914c01b20bbf6
0x3072b1215996c8b0,0x07fe7ec8118dcca62f529eb616292b04
0x3072b1215996c8c0,0x97bf86b35768ba9a1fa9abd66f25cbe2
0x3072b1215996c8d0,0x286f793daf2dd8f01d192eec529fefba
0x3072b1215996c8e0,0x4ce31c63feb6a28254c5b27de630f8e3
0x69cdd91a57ee3e40,0xb1e89782e23d2e902f9ffc1ca0435943
0x69cdd91a57ee3e50,0x4e3601575695ac3c0adaf92d2534d858
0x109d5c8d4562daf0,0xc7a3177c322931d3a38685f66db7d4f3
0x159cebfcdef0c730,0xdcde33b764954fe3b1dbbb3262740d4e
0x159cebfcdef0c740,0x57e6615c304502ae6aa0cb4bb6a712d0
0x159cebfcdef0c750,0x7e3d88a3f1c1096ecd6e3c6ff9b7d2fe
0x4b4f82484e497200,0x026d44c2b1e75fe1b94c957792eb4614
0x4b4f82484e497210,0xda0068050e6b21f3213a786ef22cfeb1
0x6735a17352ec0380,0xb7b9387b677bd216406ec3989a4a2a9c
0x6735a17352ec0390,0x7b76f1b254fc5281322515a53a89591e
0x6735a17352ec03a0,0x52c28839db514bc0a2bd6dd6cdd67b39
0xc1a0b1f025de5340,0xc8099ccbe5a6beb5392f2cd145f6bee6
0xc1a0b1f025de5350,0xc7539d328362bcd6c89f403eba7e24b1
0xc1a0b1f025de5360,0x67b61c3ac9b7146ea93fc9ca962af06a
0x682d4e3c70cef130,0xd66ee0a416a5b60769fbdedcaa848d8c
0x682d4e3c70cef140,0x0170b9484f130b23360cdc9a020cfbc0
0x682d4e3c70cef150,0xfd4a6945d77f15039505de763ae05936
0x682d4e3c70cef160,0xf5ad03adae971471a20b197eafe9b9ad
0x3376f9842bf28b90,0xb9a94a03ff8dc9f2e3a104646c9a9649
0x3376f9842bf28ba0,0xf9b46573878a2aafd8dc0cb19f78299c
0x3376f9842bf28bb0,0x046a87592dbca078e8f4ad300a4d3590
0x3376f9842bf28bc0,0xb3b098789ab93ad0084edeb0e53a9fe5
0xc4d8347a44fc93c0,0x32cc59b1688393f7f8a2279498f3b0a1
0xc4d8347a44fc93d0,0x4ce8573005b968f6155d4fed13bea224
0xc4d8347a44fc93e0,0xab1da4e386ce8b0389aca0da37f90ba7
0x528eaf4b062fce10,0x971211a9aecb26826fe47e6901225ce9
0x528eaf4b062fce20,0x7e92596fc896e2eafd1c9a78350b62e7
0xbd33677abff87460,0x8c9965796ec59896ffcb2aa32e6db0ac
0xda58e05a291b0b30,0x700b2978e9e0cd8b2da562c6869f6ec6
0x6d4fda9921f63830,0x0fc273258139bf93e5fbc7cb4c730ef5
0x6d4fda9921f63840,0xfec9787d2a0f12d377727399ce68d3c3
0x6d4fda9921f63850,0x7c4261f1d96bad90fc96149530511587
0x6d4fda9921f63860,0x62ada60321811ff0125f0449ff5f919c
0x7e49eb8dc3629df0,0x8718685c4d668807a68fabb34cb6cfc3
0x7e49eb8dc3629e00,0x701b9ea6b889d6c712218a431f15b76d
0x7e49eb8dc3629e10,0xd04fbfedbee4da7ab175631d6ca62a60
0x7e49eb8dc3629e20,0x59c07b4423f6395130ae10926138cf93
0xb9452195d03ce600,0xc24d532fca10725a112a21749d270596
0x6a1dbb17b140db00,0xbcebe80c9489dd719c25c07ab823feb1
0xb40dd17796417f00,0x7dbfd37f0107d458a85e869463e55888
0xb40dd17796417f10,0x78a176885f82283e4d7a28308950724d
0xb40dd17796417f20,0x403af7aff2d72a3b0e3522edb63250a2
0x2d3f11dc3f8d6920,0xf3020be7f86445d74c6bf5b8a86e890b
0x2d3f11dc3f8d6930,0x1873b82bfbb2fcac8f1df6fc380320fc
0x2d3f11dc3f8d6940,0x30b570fee209b136afb72774fe3da524
0x9e1a608c8cb10920,0x78b39e32ece5c7b0ad5fd5a2e02be650
0x9e1a608c8cb10930,0x8cf69636411b74f7b5dc436b65859df3
0x9e1a608c8cb10940,0xdfa46fa3aa5d778c60a8db8456220722
0x6d63565fe1c70870,0x101c0d4cb33f3fa45cf7f2d5067c6e85
0x6d63565fe1c70880,0x59a7a4d295dc200c9219fe1dd5ee9df9
0x6d63565fe1c70890,0x57916b319835245afe5f37d3a6d8179a
0x387138d463416860,0x9675562f1157c073b3e1990893f0e4b4
0x387138d463416870,0xe2b41d8645934ce4a6aae7ad191fa8bc
0xf9e5399e55a0fcb0,0x71a261d82da2f1939e730261181a00c0
0xf9e5399e55a0fcc0,0x1934c37730ac64c53d115920dfe68c51
0xf9e5399e55a0fcd0,0x00ff8b112a183608b3519fc472add5ea
0x9a1c1c2646bc0d80,0x0907a963cf627de69131507d92f42460
0x9a1c1c2646bc0d90,0x320887f74561c0e4a2a4cdea3df4a066
0x9a1c1c2646bc0da0,0x8c590de0bba5ee17a94017f9aa66242d
0xfe757f702f809c60,0x29bfc91d773cb93d5e785c79d88f5ad0
0xfe757f702f809c70,0x763f6720dde94e8ae1312ef910e8480f
0xfe757f702f809c80,0x777f4a56070cd0e8dd175fb5d005155c
0xfe757f702f809c90,0x1406baa69f6622e9d6b2d1e3627bf978
0x6a4770235f1cf4b0,0x1a34e471f0382e079d55932c7f41f949
0x88eefc0581b02ae0,0x98d61ed43f78ee36b5f5cf3e3ae75934
0x0a06c083e848ca50,0x53bab3ba9ce81fa7a7a27fbdc50fc900
0x20d4cc6950c736d0,0xda2ede5b9688778b395df4285172ef91
0x9459014219e14e10,0xaf67a6c3a97832a6eec3259121812e11
0x9459014219e14e20,0x7a5829c1d31538c953f0b2f5968d1581
0x9459014219e14e30,0xece7e2492dce3b0b81eea5822737460b
0x9459014219e14e40,0x58f35cbad50d0fb3a436537f7ce1b3c3
0x045abe0c9f93b320,0x79fffcdaee653a5ba8411ab0ba8c70b4
0x045abe0c9f93b330,0xc9fd57dcedb8acba4b2aea55ce59991f
0x045abe0c9f93b340,0x31fa81774267f803ae3fa2e526c47308
0xf54afc1fb82ecce0,0x02143e2e79a0d008c043feeedac826fc
0xf54afc1fb82eccf0,0xce31f7c9ba294b5f5eba922919b0cf26
0xf54afc1fb82ecd00,0xa5d5d4ea9becd0efdea68ebf3f36b7c9
0xbceeb65e93e315f0,0x6213c72769aff564748f2247dda6cb0b
0xbceeb65e93e31600,0xd3d9bd053b47d0ccee73d0ad6a080f1a
0x6720fb7b58f21de0,0x084993fb3fb1908e65e2f858789dba64
0x6720fb7b58f21df0,0x8608927b5209b417482459ab1dfed51f
0x6720fb7b58f21e00,0x4d829f38500805e8e7f90dce0dba8094
0x6720fb7b58f21e10,0x9d73cbef13d0abba7d7d5c0a53b56c25
0x3fdd041164e51ee0,0x4fe97f7b3b14236a4bdd595c0099319c
0x46a1d79c6b5f8370,0x03dc25c9b2087dcac78971a21050c962
0x46a1d79c6b5f8380,0x8e02ddeafdc9dcb249c066d839f99789
0x46a1d79c6b5f8390,0xb6d4af46d1e16baa1222512c05f4f847
0x46a1d79c6b5f83a0,0xd32f3c68441bad98970e912d82b3c4b0
0x49430a013ce40460,0xddbbcafc157d620e105699e2c7fbc910
0x49430a013ce40470,0x111af0c676be813738d0b720e2dc6a77
0x4d1e460c9ab97ca0,0x6284e14fadb7205977aa0409e7d6a5cc
0xcf923e491a2ae050,0xd0ebc1e41067b9cd0dace7b368768dbb
0xcf923e491a2ae060,0xae72bf3e4ee79c5a55fd0bb851c0ccb1
0xa0f6eda73de609e0,0xf68679b9a82b6297a5696097b24eb3ff
0x1e1aec5ea49ef480,0xe9ac2e08ebcf5a62988a40e87910e6db
0x1e1aec5ea49ef490,0x60be768ba97d97a61368b948d7499ff6
0x1e1aec5ea49ef4a0,0x9af149cabd9c4b4c789afb57a4d5412d
0xb215d0af7922e930,0x431c912fc1d08108c5e93d79690088c1
0xb215d0af7922e940,0x4fa65a066a07a3b5b3b29a3737e28bfd
0xc94aa04b748d7380,0xb3ed65834a169a170475d72ca20a4c69
0x53aff0abf4b41cb0,0xcf676e0c82eb1c23b6bd43a7c5a0b4f2
0x53aff0abf4b41cc0,0x3504bed816b8260c8f9a028f8b749445
0x53aff0abf4b41cd0,0xaa0c0817caf96953bc8d821e5a74a8f7
0x1199333c09277170,0x8eeedc3c2304fc2b8c363beb3038fd2f
0x1199333c09277180,0x3af52271702e935a9436ff9744d548ce
0x253b6e44191650e0,0xca32c0814aa970f0a3f01dcdeb88fa94
0x7fc071bd346d4390,0x325ac15c33912a649ff3c8b23064f0fc
0x7fc071bd346d43a0,0x8bf831244091e5a86ecad5f5447dc5a8
0x08bee994081434b0,0x392047e838c8e97cb60a638470d1c6d3
0x08bee994081434c0,0xd7c92d5e8a5c48749fc3cfc8d8470ea1
0x08bee994081434d0,0xc2ae4936a5613b89e131913fb7309855
0x08bee994081434e0,0x0165035067db8350b36889013bc3411c
0xd3a9fcd6e4f94a20,0x7f73b70eca2dd546090ba17915222401
0xd3a9fcd6e4f94a30,0xe9e05c90ca06a5743f1b63ade1658924
0xd3a9fcd6e4f94a40,0x77e398e683f5df77337b4f8d1e5a83ed
0xd3a9fcd6e4f94a50,0x1d57aab1aa63a5464c5fb1522098054e
0x7905d1e3f55953f0,0x369f36d9bfa2bd08f19edf125bac72c9
0x958ef526841a8760,0x552a19c692716ec5d77bc9c930a0292e
0x958ef526841a8770,0x74c9118fd7ee33d76d911405e567e67c
0x958ef526841a8780,0x65cab758443f5081577352bbead026a4
0x958ef526841a8790,0xbb70815ac58d376f7bdd4130be7c18ea
0x313de798bb5cac40,0x5344900593572d5163abc63914836831
0x313de798bb5cac50,0xd862158658acab37934c7ac7427b3842
0xb48577ee914c42b0,0xc945291e265464dbbe50807bd7bbf3e9
0xc2c656138609c2a0,0xc87ea6b542ad26e96d989cc1d1f67ad0
0xc2c656138609c2b0,0x90a27b0ea7ef99565684a380c907727d
0xc2c656138609c2c0,0x4982493b08e0e8df688ba9e704496aef
0xc2c656138609c2d0,0x6a655acab07612fa744fe6af976545fd
0x65a0596c8cdcc2c0,0x1fa628625ae33a0e6b250adbf2bb3e42
0x65a0596c8cdcc2d0,0x583194d420cfce4ebde2f7a40029eb0b
0x65a0596c8cdcc2e0,0xd10e12bcaa5046781828315dce253002
0x65fdb2b9769ea620,0x5d87f7dc4127ce5b0387a5417ed55be6
0x65fdb2b9769ea630,0xea4e5a2c1fef3dd6ed8f302ed30cf4ed
0x65fdb2b9769ea640,0x4a36a5199af6b0ff532658447a6cb906
0xbb7f99c085d6df80,0x23ff34b7c2ce6c9b7e9acd18227cbc27
0xbb7f99c085d6df90,0x84eddf6ea30e30dc13493ec4fa5e999e
0xbb7f99c085d6dfa0,0xb0081c1840fc9f2d94be8ec0b1b1bfe2
0x48757d875304ca70,0x88edd6d3d9a0690f696195fa159a1f56
0x48757d875304ca80,0xa4a13198d65b79f6804c465b16287911
0x48757d875304ca90,0x29a6bc7440d7a39d3bb130956806643b
0x1abc918ec785b140,0x13641b28b99479d365ef945c10f143e2
0x1abc918ec785b150,0xfc9fe8b02a72895f890cc685e609c17f
0x1abc918ec785b160,0x7bd85802aa4a4a8b057de4a3a99ce4cd
